2026-03-21 19:52:16,840 django.utils.autoreload INFO     Watching for file changes with StatReloader
2026-03-21 20:05:24,802 django.utils.autoreload INFO     Watching for file changes with StatReloader
2026-03-21 20:05:27,812 django.request ERROR    Internal Server Error: /accounts/login/
Traceback (most recent call last):
  File "/home/sasha/PycharmProjects/tiff_django/.venv/lib/python3.11/site-packages/django/template/base.py", line 511, in parse
    compile_func = self.tags[command]
                   ~~~~~~~~~^^^^^^^^^
KeyError: 'provider_login_url'

During handling of the above exception, another exception occurred:

Traceback (most recent call last):
  File "/home/sasha/PycharmProjects/tiff_django/.venv/lib/python3.11/site-packages/django/core/handlers/exception.py", line 55, in inner
    response = get_response(request)
               ^^^^^^^^^^^^^^^^^^^^^
  File "/home/sasha/PycharmProjects/tiff_django/.venv/lib/python3.11/site-packages/django/core/handlers/base.py", line 220, in _get_response
    response = response.render()
               ^^^^^^^^^^^^^^^^^
  File "/home/sasha/PycharmProjects/tiff_django/.venv/lib/python3.11/site-packages/django/template/response.py", line 114, in render
    self.content = self.rendered_content
                   ^^^^^^^^^^^^^^^^^^^^^
  File "/home/sasha/PycharmProjects/tiff_django/.venv/lib/python3.11/site-packages/django/template/response.py", line 90, in rendered_content
    template = self.resolve_template(self.template_name)
               ^^^^^^^^^^^^^^^^^^^^^^^^^^^^^^^^^^^^^^^^^
  File "/home/sasha/PycharmProjects/tiff_django/.venv/lib/python3.11/site-packages/django/template/response.py", line 72, in resolve_template
    return select_template(template, using=self.using)
           ^^^^^^^^^^^^^^^^^^^^^^^^^^^^^^^^^^^^^^^^^^^
  File "/home/sasha/PycharmProjects/tiff_django/.venv/lib/python3.11/site-packages/django/template/loader.py", line 42, in select_template
    return engine.get_template(template_name)
           ^^^^^^^^^^^^^^^^^^^^^^^^^^^^^^^^^^
  File "/home/sasha/PycharmProjects/tiff_django/.venv/lib/python3.11/site-packages/django/template/backends/django.py", line 79, in get_template
    return Template(self.engine.get_template(template_name), self)
                    ^^^^^^^^^^^^^^^^^^^^^^^^^^^^^^^^^^^^^^^
  File "/home/sasha/PycharmProjects/tiff_django/.venv/lib/python3.11/site-packages/django/template/engine.py", line 177, in get_template
    template, origin = self.find_template(template_name)
                       ^^^^^^^^^^^^^^^^^^^^^^^^^^^^^^^^^
  File "/home/sasha/PycharmProjects/tiff_django/.venv/lib/python3.11/site-packages/django/template/engine.py", line 159, in find_template
    template = loader.get_template(name, skip=skip)
               ^^^^^^^^^^^^^^^^^^^^^^^^^^^^^^^^^^^^
  File "/home/sasha/PycharmProjects/tiff_django/.venv/lib/python3.11/site-packages/django/template/loaders/cached.py", line 57, in get_template
    template = super().get_template(template_name, skip)
               ^^^^^^^^^^^^^^^^^^^^^^^^^^^^^^^^^^^^^^^^^
  File "/home/sasha/PycharmProjects/tiff_django/.venv/lib/python3.11/site-packages/django/template/loaders/base.py", line 28, in get_template
    return Template(
           ^^^^^^^^^
  File "/home/sasha/PycharmProjects/tiff_django/.venv/lib/python3.11/site-packages/django/template/base.py", line 155, in __init__
    self.nodelist = self.compile_nodelist()
                    ^^^^^^^^^^^^^^^^^^^^^^^
  File "/home/sasha/PycharmProjects/tiff_django/.venv/lib/python3.11/site-packages/django/template/base.py", line 197, in compile_nodelist
    nodelist = parser.parse()
               ^^^^^^^^^^^^^^
  File "/home/sasha/PycharmProjects/tiff_django/.venv/lib/python3.11/site-packages/django/template/base.py", line 513, in parse
    self.invalid_block_tag(token, command, parse_until)
  File "/home/sasha/PycharmProjects/tiff_django/.venv/lib/python3.11/site-packages/django/template/base.py", line 578, in invalid_block_tag
    raise self.error(
django.template.exceptions.TemplateSyntaxError: Invalid block tag on line 355: 'provider_login_url'. Did you forget to register or load this tag?
2026-03-21 20:08:42,218 django.request ERROR    Internal Server Error: /accounts/login/
Traceback (most recent call last):
  File "/home/sasha/PycharmProjects/tiff_django/.venv/lib/python3.11/site-packages/django/template/base.py", line 511, in parse
    compile_func = self.tags[command]
                   ~~~~~~~~~^^^^^^^^^
KeyError: 'provider_login_url'

During handling of the above exception, another exception occurred:

Traceback (most recent call last):
  File "/home/sasha/PycharmProjects/tiff_django/.venv/lib/python3.11/site-packages/django/core/handlers/exception.py", line 55, in inner
    response = get_response(request)
               ^^^^^^^^^^^^^^^^^^^^^
  File "/home/sasha/PycharmProjects/tiff_django/.venv/lib/python3.11/site-packages/django/core/handlers/base.py", line 220, in _get_response
    response = response.render()
               ^^^^^^^^^^^^^^^^^
  File "/home/sasha/PycharmProjects/tiff_django/.venv/lib/python3.11/site-packages/django/template/response.py", line 114, in render
    self.content = self.rendered_content
                   ^^^^^^^^^^^^^^^^^^^^^
  File "/home/sasha/PycharmProjects/tiff_django/.venv/lib/python3.11/site-packages/django/template/response.py", line 90, in rendered_content
    template = self.resolve_template(self.template_name)
               ^^^^^^^^^^^^^^^^^^^^^^^^^^^^^^^^^^^^^^^^^
  File "/home/sasha/PycharmProjects/tiff_django/.venv/lib/python3.11/site-packages/django/template/response.py", line 72, in resolve_template
    return select_template(template, using=self.using)
           ^^^^^^^^^^^^^^^^^^^^^^^^^^^^^^^^^^^^^^^^^^^
  File "/home/sasha/PycharmProjects/tiff_django/.venv/lib/python3.11/site-packages/django/template/loader.py", line 42, in select_template
    return engine.get_template(template_name)
           ^^^^^^^^^^^^^^^^^^^^^^^^^^^^^^^^^^
  File "/home/sasha/PycharmProjects/tiff_django/.venv/lib/python3.11/site-packages/django/template/backends/django.py", line 79, in get_template
    return Template(self.engine.get_template(template_name), self)
                    ^^^^^^^^^^^^^^^^^^^^^^^^^^^^^^^^^^^^^^^
  File "/home/sasha/PycharmProjects/tiff_django/.venv/lib/python3.11/site-packages/django/template/engine.py", line 177, in get_template
    template, origin = self.find_template(template_name)
                       ^^^^^^^^^^^^^^^^^^^^^^^^^^^^^^^^^
  File "/home/sasha/PycharmProjects/tiff_django/.venv/lib/python3.11/site-packages/django/template/engine.py", line 159, in find_template
    template = loader.get_template(name, skip=skip)
               ^^^^^^^^^^^^^^^^^^^^^^^^^^^^^^^^^^^^
  File "/home/sasha/PycharmProjects/tiff_django/.venv/lib/python3.11/site-packages/django/template/loaders/cached.py", line 57, in get_template
    template = super().get_template(template_name, skip)
               ^^^^^^^^^^^^^^^^^^^^^^^^^^^^^^^^^^^^^^^^^
  File "/home/sasha/PycharmProjects/tiff_django/.venv/lib/python3.11/site-packages/django/template/loaders/base.py", line 28, in get_template
    return Template(
           ^^^^^^^^^
  File "/home/sasha/PycharmProjects/tiff_django/.venv/lib/python3.11/site-packages/django/template/base.py", line 155, in __init__
    self.nodelist = self.compile_nodelist()
                    ^^^^^^^^^^^^^^^^^^^^^^^
  File "/home/sasha/PycharmProjects/tiff_django/.venv/lib/python3.11/site-packages/django/template/base.py", line 197, in compile_nodelist
    nodelist = parser.parse()
               ^^^^^^^^^^^^^^
  File "/home/sasha/PycharmProjects/tiff_django/.venv/lib/python3.11/site-packages/django/template/base.py", line 513, in parse
    self.invalid_block_tag(token, command, parse_until)
  File "/home/sasha/PycharmProjects/tiff_django/.venv/lib/python3.11/site-packages/django/template/base.py", line 578, in invalid_block_tag
    raise self.error(
django.template.exceptions.TemplateSyntaxError: Invalid block tag on line 355: 'provider_login_url'. Did you forget to register or load this tag?
2026-03-21 20:20:10,425 django.request WARNING  Not Found: /google-login/
2026-03-21 20:22:04,114 profiles.views INFO     Orders:  <QuerySet []>
2026-03-21 20:22:04,117 profiles.views INFO     page_NUM: 1
2026-03-21 20:22:04,129 profiles.views INFO     page_NUM: <Page 1 of 1>
2026-03-21 20:22:26,984 django.request WARNING  Not Found: /google-login/
2026-03-21 20:25:48,699 django.utils.autoreload INFO     Watching for file changes with StatReloader
2026-03-21 20:26:08,597 profiles.views INFO     Orders:  <QuerySet [<Order: Заказ № 6>, <Order: Заказ № 5>, <Order: Заказ № 4>, <Order: Заказ № 3>, <Order: Заказ № 2>]>
2026-03-21 20:26:08,597 profiles.views INFO     page_NUM: 1
2026-03-21 20:26:08,599 profiles.views INFO     page_NUM: <Page 1 of 3>
2026-03-21 20:26:21,539 django.request WARNING  Not Found: /google-login/
2026-03-21 20:29:08,233 profiles.views INFO     Orders:  <QuerySet [<Order: Заказ № 6>, <Order: Заказ № 5>, <Order: Заказ № 4>, <Order: Заказ № 3>, <Order: Заказ № 2>]>
2026-03-21 20:29:08,233 profiles.views INFO     page_NUM: 1
2026-03-21 20:29:08,234 profiles.views INFO     page_NUM: <Page 1 of 3>
2026-03-21 20:47:42,315 django.utils.autoreload INFO     Watching for file changes with StatReloader
2026-03-21 20:48:07,406 profiles.views INFO     Orders:  <QuerySet []>
2026-03-21 20:48:07,407 profiles.views INFO     page_NUM: 1
2026-03-21 20:48:07,408 profiles.views INFO     page_NUM: <Page 1 of 1>
2026-03-21 20:49:01,102 profiles.views INFO     Orders:  <QuerySet []>
2026-03-21 20:49:01,103 profiles.views INFO     page_NUM: 1
2026-03-21 20:49:01,105 profiles.views INFO     page_NUM: <Page 1 of 1>
2026-03-21 21:42:22,915 django.utils.autoreload INFO     /home/sasha/PycharmProjects/tiff_django/files/urls.py changed, reloading.
2026-03-21 21:42:23,996 django.utils.autoreload INFO     Watching for file changes with StatReloader
2026-03-21 21:44:16,928 django.utils.autoreload INFO     /home/sasha/PycharmProjects/tiff_django/mysite/urls.py changed, reloading.
2026-03-21 21:44:18,063 django.utils.autoreload INFO     Watching for file changes with StatReloader
2026-03-21 21:45:12,622 django.utils.autoreload INFO     /home/sasha/PycharmProjects/tiff_django/files/urls.py changed, reloading.
2026-03-21 21:45:13,643 django.utils.autoreload INFO     Watching for file changes with StatReloader
2026-03-21 21:52:31,891 django.utils.autoreload INFO     /home/sasha/PycharmProjects/tiff_django/files/views/__init__.py changed, reloading.
2026-03-21 21:52:33,122 django.utils.autoreload INFO     Watching for file changes with StatReloader
2026-03-21 21:53:26,830 django.utils.autoreload INFO     /home/sasha/PycharmProjects/tiff_django/files/views/create_banner.py changed, reloading.
2026-03-21 21:53:27,926 django.utils.autoreload INFO     Watching for file changes with StatReloader
2026-03-21 21:53:46,990 django.utils.autoreload INFO     /home/sasha/PycharmProjects/tiff_django/files/urls.py changed, reloading.
2026-03-21 21:53:48,084 django.utils.autoreload INFO     Watching for file changes with StatReloader
2026-03-21 21:54:31,648 django.utils.autoreload INFO     /home/sasha/PycharmProjects/tiff_django/files/views/__init__.py changed, reloading.
2026-03-21 21:54:32,741 django.utils.autoreload INFO     Watching for file changes with StatReloader
2026-03-21 21:54:46,454 django.utils.autoreload INFO     /home/sasha/PycharmProjects/tiff_django/files/urls.py changed, reloading.
2026-03-21 21:54:47,590 django.utils.autoreload INFO     Watching for file changes with StatReloader
2026-03-21 21:55:00,169 django.utils.autoreload INFO     /home/sasha/PycharmProjects/tiff_django/files/urls.py changed, reloading.
2026-03-21 21:55:01,286 django.utils.autoreload INFO     Watching for file changes with StatReloader
2026-03-21 21:55:18,459 django.utils.autoreload INFO     /home/sasha/PycharmProjects/tiff_django/files/urls.py changed, reloading.
2026-03-21 21:55:19,497 django.utils.autoreload INFO     Watching for file changes with StatReloader
2026-03-21 21:55:41,230 profiles.views INFO     Orders:  <QuerySet []>
2026-03-21 21:55:41,230 profiles.views INFO     page_NUM: 1
2026-03-21 21:55:41,232 profiles.views INFO     page_NUM: <Page 1 of 1>
2026-03-21 21:55:41,822 django.utils.autoreload INFO     /home/sasha/PycharmProjects/tiff_django/files/urls.py changed, reloading.
2026-03-21 21:55:43,127 django.utils.autoreload INFO     Watching for file changes with StatReloader
2026-03-21 21:56:50,346 django.request ERROR    Internal Server Error: /files/create_banner/
Traceback (most recent call last):
  File "/home/sasha/PycharmProjects/tiff_django/.venv/lib/python3.11/site-packages/django/core/handlers/exception.py", line 55, in inner
    response = get_response(request)
               ^^^^^^^^^^^^^^^^^^^^^
  File "/home/sasha/PycharmProjects/tiff_django/.venv/lib/python3.11/site-packages/django/core/handlers/base.py", line 197, in _get_response
    response = wrapped_callback(request, *callback_args, **callback_kwargs)
               ^^^^^^^^^^^^^^^^^^^^^^^^^^^^^^^^^^^^^^^^^^^^^^^^^^^^^^^^^^^^
  File "/home/sasha/PycharmProjects/tiff_django/.venv/lib/python3.11/site-packages/django/views/generic/base.py", line 105, in view
    return self.dispatch(request, *args, **kwargs)
           ^^^^^^^^^^^^^^^^^^^^^^^^^^^^^^^^^^^^^^^
  File "/home/sasha/PycharmProjects/tiff_django/.venv/lib/python3.11/site-packages/django/views/generic/base.py", line 144, in dispatch
    return handler(request, *args, **kwargs)
           ^^^^^^^^^^^^^^^^^^^^^^^^^^^^^^^^^
  File "/home/sasha/PycharmProjects/tiff_django/files/views/create_banner.py", line 23, in get
    return render(request, 'files/create_banner.html', context)
           ^^^^^^^^^^^^^^^^^^^^^^^^^^^^^^^^^^^^^^^^^^^^^^^^^^^^
  File "/home/sasha/PycharmProjects/tiff_django/.venv/lib/python3.11/site-packages/django/shortcuts.py", line 25, in render
    content = loader.render_to_string(template_name, context, request, using=using)
              ^^^^^^^^^^^^^^^^^^^^^^^^^^^^^^^^^^^^^^^^^^^^^^^^^^^^^^^^^^^^^^^^^^^^^
  File "/home/sasha/PycharmProjects/tiff_django/.venv/lib/python3.11/site-packages/django/template/loader.py", line 62, in render_to_string
    return template.render(context, request)
           ^^^^^^^^^^^^^^^^^^^^^^^^^^^^^^^^^
  File "/home/sasha/PycharmProjects/tiff_django/.venv/lib/python3.11/site-packages/django/template/backends/django.py", line 107, in render
    return self.template.render(context)
           ^^^^^^^^^^^^^^^^^^^^^^^^^^^^^
  File "/home/sasha/PycharmProjects/tiff_django/.venv/lib/python3.11/site-packages/django/template/base.py", line 172, in render
    return self._render(context)
           ^^^^^^^^^^^^^^^^^^^^^
  File "/home/sasha/PycharmProjects/tiff_django/.venv/lib/python3.11/site-packages/django/template/base.py", line 164, in _render
    return self.nodelist.render(context)
           ^^^^^^^^^^^^^^^^^^^^^^^^^^^^^
  File "/home/sasha/PycharmProjects/tiff_django/.venv/lib/python3.11/site-packages/django/template/base.py", line 1018, in render
    return SafeString("".join([node.render_annotated(context) for node in self]))
                              ^^^^^^^^^^^^^^^^^^^^^^^^^^^^^^^^^^^^^^^^^^^^^^^^^
  File "/home/sasha/PycharmProjects/tiff_django/.venv/lib/python3.11/site-packages/django/template/base.py", line 1018, in <listcomp>
    return SafeString("".join([node.render_annotated(context) for node in self]))
                               ^^^^^^^^^^^^^^^^^^^^^^^^^^^^^^
  File "/home/sasha/PycharmProjects/tiff_django/.venv/lib/python3.11/site-packages/django/template/base.py", line 979, in render_annotated
    return self.render(context)
           ^^^^^^^^^^^^^^^^^^^^
  File "/home/sasha/PycharmProjects/tiff_django/.venv/lib/python3.11/site-packages/django/template/loader_tags.py", line 56, in render
    result = self.nodelist.render(context)
             ^^^^^^^^^^^^^^^^^^^^^^^^^^^^^
  File "/home/sasha/PycharmProjects/tiff_django/.venv/lib/python3.11/site-packages/django/template/base.py", line 1018, in render
    return SafeString("".join([node.render_annotated(context) for node in self]))
                              ^^^^^^^^^^^^^^^^^^^^^^^^^^^^^^^^^^^^^^^^^^^^^^^^^
  File "/home/sasha/PycharmProjects/tiff_django/.venv/lib/python3.11/site-packages/django/template/base.py", line 1018, in <listcomp>
    return SafeString("".join([node.render_annotated(context) for node in self]))
                               ^^^^^^^^^^^^^^^^^^^^^^^^^^^^^^
  File "/home/sasha/PycharmProjects/tiff_django/.venv/lib/python3.11/site-packages/django/template/base.py", line 979, in render_annotated
    return self.render(context)
           ^^^^^^^^^^^^^^^^^^^^
  File "/home/sasha/PycharmProjects/tiff_django/.venv/lib/python3.11/site-packages/django/template/defaulttags.py", line 480, in render
    url = reverse(view_name, args=args, kwargs=kwargs, current_app=current_app)
          ^^^^^^^^^^^^^^^^^^^^^^^^^^^^^^^^^^^^^^^^^^^^^^^^^^^^^^^^^^^^^^^^^^^^^
  File "/home/sasha/PycharmProjects/tiff_django/.venv/lib/python3.11/site-packages/django/urls/base.py", line 98, in reverse
    resolved_url = resolver._reverse_with_prefix(view, prefix, *args, **kwargs)
                   ^^^^^^^^^^^^^^^^^^^^^^^^^^^^^^^^^^^^^^^^^^^^^^^^^^^^^^^^^^^^
  File "/home/sasha/PycharmProjects/tiff_django/.venv/lib/python3.11/site-packages/django/urls/resolvers.py", line 831, in _reverse_with_prefix
    raise NoReverseMatch(msg)
django.urls.exceptions.NoReverseMatch: Reverse for 'submit_banner_order' not found. 'submit_banner_order' is not a valid view function or pattern name.
2026-03-21 21:57:10,147 django.utils.autoreload INFO     /home/sasha/PycharmProjects/tiff_django/files/urls.py changed, reloading.
2026-03-21 21:58:24,512 django.utils.autoreload INFO     Watching for file changes with StatReloader
2026-03-21 21:59:41,116 django.utils.autoreload INFO     /home/sasha/PycharmProjects/tiff_django/files/urls.py changed, reloading.
2026-03-21 21:59:42,224 django.utils.autoreload INFO     Watching for file changes with StatReloader
2026-03-21 21:59:49,067 django.request ERROR    Internal Server Error: /files/create_banner/
Traceback (most recent call last):
  File "/home/sasha/PycharmProjects/tiff_django/.venv/lib/python3.11/site-packages/django/core/handlers/exception.py", line 55, in inner
    response = get_response(request)
               ^^^^^^^^^^^^^^^^^^^^^
  File "/home/sasha/PycharmProjects/tiff_django/.venv/lib/python3.11/site-packages/django/core/handlers/base.py", line 197, in _get_response
    response = wrapped_callback(request, *callback_args, **callback_kwargs)
               ^^^^^^^^^^^^^^^^^^^^^^^^^^^^^^^^^^^^^^^^^^^^^^^^^^^^^^^^^^^^
  File "/home/sasha/PycharmProjects/tiff_django/.venv/lib/python3.11/site-packages/django/views/generic/base.py", line 105, in view
    return self.dispatch(request, *args, **kwargs)
           ^^^^^^^^^^^^^^^^^^^^^^^^^^^^^^^^^^^^^^^
  File "/home/sasha/PycharmProjects/tiff_django/.venv/lib/python3.11/site-packages/django/views/generic/base.py", line 144, in dispatch
    return handler(request, *args, **kwargs)
           ^^^^^^^^^^^^^^^^^^^^^^^^^^^^^^^^^
  File "/home/sasha/PycharmProjects/tiff_django/files/views/create_banner.py", line 23, in get
    return render(request, 'files/create_banner.html', context)
           ^^^^^^^^^^^^^^^^^^^^^^^^^^^^^^^^^^^^^^^^^^^^^^^^^^^^
  File "/home/sasha/PycharmProjects/tiff_django/.venv/lib/python3.11/site-packages/django/shortcuts.py", line 25, in render
    content = loader.render_to_string(template_name, context, request, using=using)
              ^^^^^^^^^^^^^^^^^^^^^^^^^^^^^^^^^^^^^^^^^^^^^^^^^^^^^^^^^^^^^^^^^^^^^
  File "/home/sasha/PycharmProjects/tiff_django/.venv/lib/python3.11/site-packages/django/template/loader.py", line 62, in render_to_string
    return template.render(context, request)
           ^^^^^^^^^^^^^^^^^^^^^^^^^^^^^^^^^
  File "/home/sasha/PycharmProjects/tiff_django/.venv/lib/python3.11/site-packages/django/template/backends/django.py", line 107, in render
    return self.template.render(context)
           ^^^^^^^^^^^^^^^^^^^^^^^^^^^^^
  File "/home/sasha/PycharmProjects/tiff_django/.venv/lib/python3.11/site-packages/django/template/base.py", line 172, in render
    return self._render(context)
           ^^^^^^^^^^^^^^^^^^^^^
  File "/home/sasha/PycharmProjects/tiff_django/.venv/lib/python3.11/site-packages/django/template/base.py", line 164, in _render
    return self.nodelist.render(context)
           ^^^^^^^^^^^^^^^^^^^^^^^^^^^^^
  File "/home/sasha/PycharmProjects/tiff_django/.venv/lib/python3.11/site-packages/django/template/base.py", line 1018, in render
    return SafeString("".join([node.render_annotated(context) for node in self]))
                              ^^^^^^^^^^^^^^^^^^^^^^^^^^^^^^^^^^^^^^^^^^^^^^^^^
  File "/home/sasha/PycharmProjects/tiff_django/.venv/lib/python3.11/site-packages/django/template/base.py", line 1018, in <listcomp>
    return SafeString("".join([node.render_annotated(context) for node in self]))
                               ^^^^^^^^^^^^^^^^^^^^^^^^^^^^^^
  File "/home/sasha/PycharmProjects/tiff_django/.venv/lib/python3.11/site-packages/django/template/base.py", line 979, in render_annotated
    return self.render(context)
           ^^^^^^^^^^^^^^^^^^^^
  File "/home/sasha/PycharmProjects/tiff_django/.venv/lib/python3.11/site-packages/django/template/loader_tags.py", line 56, in render
    result = self.nodelist.render(context)
             ^^^^^^^^^^^^^^^^^^^^^^^^^^^^^
  File "/home/sasha/PycharmProjects/tiff_django/.venv/lib/python3.11/site-packages/django/template/base.py", line 1018, in render
    return SafeString("".join([node.render_annotated(context) for node in self]))
                              ^^^^^^^^^^^^^^^^^^^^^^^^^^^^^^^^^^^^^^^^^^^^^^^^^
  File "/home/sasha/PycharmProjects/tiff_django/.venv/lib/python3.11/site-packages/django/template/base.py", line 1018, in <listcomp>
    return SafeString("".join([node.render_annotated(context) for node in self]))
                               ^^^^^^^^^^^^^^^^^^^^^^^^^^^^^^
  File "/home/sasha/PycharmProjects/tiff_django/.venv/lib/python3.11/site-packages/django/template/base.py", line 979, in render_annotated
    return self.render(context)
           ^^^^^^^^^^^^^^^^^^^^
  File "/home/sasha/PycharmProjects/tiff_django/.venv/lib/python3.11/site-packages/django/template/defaulttags.py", line 480, in render
    url = reverse(view_name, args=args, kwargs=kwargs, current_app=current_app)
          ^^^^^^^^^^^^^^^^^^^^^^^^^^^^^^^^^^^^^^^^^^^^^^^^^^^^^^^^^^^^^^^^^^^^^
  File "/home/sasha/PycharmProjects/tiff_django/.venv/lib/python3.11/site-packages/django/urls/base.py", line 98, in reverse
    resolved_url = resolver._reverse_with_prefix(view, prefix, *args, **kwargs)
                   ^^^^^^^^^^^^^^^^^^^^^^^^^^^^^^^^^^^^^^^^^^^^^^^^^^^^^^^^^^^^
  File "/home/sasha/PycharmProjects/tiff_django/.venv/lib/python3.11/site-packages/django/urls/resolvers.py", line 831, in _reverse_with_prefix
    raise NoReverseMatch(msg)
django.urls.exceptions.NoReverseMatch: Reverse for 'submit_banner_order' not found. 'submit_banner_order' is not a valid view function or pattern name.
2026-03-21 22:00:10,437 django.utils.autoreload INFO     Watching for file changes with StatReloader
2026-03-21 22:00:20,783 django.request ERROR    Internal Server Error: /files/create_banner/
Traceback (most recent call last):
  File "/home/sasha/PycharmProjects/tiff_django/.venv/lib/python3.11/site-packages/django/core/handlers/exception.py", line 55, in inner
    response = get_response(request)
               ^^^^^^^^^^^^^^^^^^^^^
  File "/home/sasha/PycharmProjects/tiff_django/.venv/lib/python3.11/site-packages/django/core/handlers/base.py", line 197, in _get_response
    response = wrapped_callback(request, *callback_args, **callback_kwargs)
               ^^^^^^^^^^^^^^^^^^^^^^^^^^^^^^^^^^^^^^^^^^^^^^^^^^^^^^^^^^^^
  File "/home/sasha/PycharmProjects/tiff_django/.venv/lib/python3.11/site-packages/django/views/generic/base.py", line 105, in view
    return self.dispatch(request, *args, **kwargs)
           ^^^^^^^^^^^^^^^^^^^^^^^^^^^^^^^^^^^^^^^
  File "/home/sasha/PycharmProjects/tiff_django/.venv/lib/python3.11/site-packages/django/views/generic/base.py", line 144, in dispatch
    return handler(request, *args, **kwargs)
           ^^^^^^^^^^^^^^^^^^^^^^^^^^^^^^^^^
  File "/home/sasha/PycharmProjects/tiff_django/files/views/create_banner.py", line 23, in get
    return render(request, 'files/create_banner.html', context)
           ^^^^^^^^^^^^^^^^^^^^^^^^^^^^^^^^^^^^^^^^^^^^^^^^^^^^
  File "/home/sasha/PycharmProjects/tiff_django/.venv/lib/python3.11/site-packages/django/shortcuts.py", line 25, in render
    content = loader.render_to_string(template_name, context, request, using=using)
              ^^^^^^^^^^^^^^^^^^^^^^^^^^^^^^^^^^^^^^^^^^^^^^^^^^^^^^^^^^^^^^^^^^^^^
  File "/home/sasha/PycharmProjects/tiff_django/.venv/lib/python3.11/site-packages/django/template/loader.py", line 62, in render_to_string
    return template.render(context, request)
           ^^^^^^^^^^^^^^^^^^^^^^^^^^^^^^^^^
  File "/home/sasha/PycharmProjects/tiff_django/.venv/lib/python3.11/site-packages/django/template/backends/django.py", line 107, in render
    return self.template.render(context)
           ^^^^^^^^^^^^^^^^^^^^^^^^^^^^^
  File "/home/sasha/PycharmProjects/tiff_django/.venv/lib/python3.11/site-packages/django/template/base.py", line 172, in render
    return self._render(context)
           ^^^^^^^^^^^^^^^^^^^^^
  File "/home/sasha/PycharmProjects/tiff_django/.venv/lib/python3.11/site-packages/django/template/base.py", line 164, in _render
    return self.nodelist.render(context)
           ^^^^^^^^^^^^^^^^^^^^^^^^^^^^^
  File "/home/sasha/PycharmProjects/tiff_django/.venv/lib/python3.11/site-packages/django/template/base.py", line 1018, in render
    return SafeString("".join([node.render_annotated(context) for node in self]))
                              ^^^^^^^^^^^^^^^^^^^^^^^^^^^^^^^^^^^^^^^^^^^^^^^^^
  File "/home/sasha/PycharmProjects/tiff_django/.venv/lib/python3.11/site-packages/django/template/base.py", line 1018, in <listcomp>
    return SafeString("".join([node.render_annotated(context) for node in self]))
                               ^^^^^^^^^^^^^^^^^^^^^^^^^^^^^^
  File "/home/sasha/PycharmProjects/tiff_django/.venv/lib/python3.11/site-packages/django/template/base.py", line 979, in render_annotated
    return self.render(context)
           ^^^^^^^^^^^^^^^^^^^^
  File "/home/sasha/PycharmProjects/tiff_django/.venv/lib/python3.11/site-packages/django/template/loader_tags.py", line 56, in render
    result = self.nodelist.render(context)
             ^^^^^^^^^^^^^^^^^^^^^^^^^^^^^
  File "/home/sasha/PycharmProjects/tiff_django/.venv/lib/python3.11/site-packages/django/template/base.py", line 1018, in render
    return SafeString("".join([node.render_annotated(context) for node in self]))
                              ^^^^^^^^^^^^^^^^^^^^^^^^^^^^^^^^^^^^^^^^^^^^^^^^^
  File "/home/sasha/PycharmProjects/tiff_django/.venv/lib/python3.11/site-packages/django/template/base.py", line 1018, in <listcomp>
    return SafeString("".join([node.render_annotated(context) for node in self]))
                               ^^^^^^^^^^^^^^^^^^^^^^^^^^^^^^
  File "/home/sasha/PycharmProjects/tiff_django/.venv/lib/python3.11/site-packages/django/template/base.py", line 979, in render_annotated
    return self.render(context)
           ^^^^^^^^^^^^^^^^^^^^
  File "/home/sasha/PycharmProjects/tiff_django/.venv/lib/python3.11/site-packages/django/template/defaulttags.py", line 480, in render
    url = reverse(view_name, args=args, kwargs=kwargs, current_app=current_app)
          ^^^^^^^^^^^^^^^^^^^^^^^^^^^^^^^^^^^^^^^^^^^^^^^^^^^^^^^^^^^^^^^^^^^^^
  File "/home/sasha/PycharmProjects/tiff_django/.venv/lib/python3.11/site-packages/django/urls/base.py", line 98, in reverse
    resolved_url = resolver._reverse_with_prefix(view, prefix, *args, **kwargs)
                   ^^^^^^^^^^^^^^^^^^^^^^^^^^^^^^^^^^^^^^^^^^^^^^^^^^^^^^^^^^^^
  File "/home/sasha/PycharmProjects/tiff_django/.venv/lib/python3.11/site-packages/django/urls/resolvers.py", line 831, in _reverse_with_prefix
    raise NoReverseMatch(msg)
django.urls.exceptions.NoReverseMatch: Reverse for 'submit_banner_order' not found. 'submit_banner_order' is not a valid view function or pattern name.
2026-03-21 22:00:56,290 django.utils.autoreload INFO     Watching for file changes with StatReloader
2026-03-21 22:01:00,987 django.request ERROR    Internal Server Error: /files/create_banner/
Traceback (most recent call last):
  File "/home/sasha/PycharmProjects/tiff_django/.venv/lib/python3.11/site-packages/django/core/handlers/exception.py", line 55, in inner
    response = get_response(request)
               ^^^^^^^^^^^^^^^^^^^^^
  File "/home/sasha/PycharmProjects/tiff_django/.venv/lib/python3.11/site-packages/django/core/handlers/base.py", line 197, in _get_response
    response = wrapped_callback(request, *callback_args, **callback_kwargs)
               ^^^^^^^^^^^^^^^^^^^^^^^^^^^^^^^^^^^^^^^^^^^^^^^^^^^^^^^^^^^^
  File "/home/sasha/PycharmProjects/tiff_django/.venv/lib/python3.11/site-packages/django/views/generic/base.py", line 105, in view
    return self.dispatch(request, *args, **kwargs)
           ^^^^^^^^^^^^^^^^^^^^^^^^^^^^^^^^^^^^^^^
  File "/home/sasha/PycharmProjects/tiff_django/.venv/lib/python3.11/site-packages/django/views/generic/base.py", line 144, in dispatch
    return handler(request, *args, **kwargs)
           ^^^^^^^^^^^^^^^^^^^^^^^^^^^^^^^^^
  File "/home/sasha/PycharmProjects/tiff_django/files/views/create_banner.py", line 23, in get
    return render(request, 'files/create_banner.html', context)
           ^^^^^^^^^^^^^^^^^^^^^^^^^^^^^^^^^^^^^^^^^^^^^^^^^^^^
  File "/home/sasha/PycharmProjects/tiff_django/.venv/lib/python3.11/site-packages/django/shortcuts.py", line 25, in render
    content = loader.render_to_string(template_name, context, request, using=using)
              ^^^^^^^^^^^^^^^^^^^^^^^^^^^^^^^^^^^^^^^^^^^^^^^^^^^^^^^^^^^^^^^^^^^^^
  File "/home/sasha/PycharmProjects/tiff_django/.venv/lib/python3.11/site-packages/django/template/loader.py", line 62, in render_to_string
    return template.render(context, request)
           ^^^^^^^^^^^^^^^^^^^^^^^^^^^^^^^^^
  File "/home/sasha/PycharmProjects/tiff_django/.venv/lib/python3.11/site-packages/django/template/backends/django.py", line 107, in render
    return self.template.render(context)
           ^^^^^^^^^^^^^^^^^^^^^^^^^^^^^
  File "/home/sasha/PycharmProjects/tiff_django/.venv/lib/python3.11/site-packages/django/template/base.py", line 172, in render
    return self._render(context)
           ^^^^^^^^^^^^^^^^^^^^^
  File "/home/sasha/PycharmProjects/tiff_django/.venv/lib/python3.11/site-packages/django/template/base.py", line 164, in _render
    return self.nodelist.render(context)
           ^^^^^^^^^^^^^^^^^^^^^^^^^^^^^
  File "/home/sasha/PycharmProjects/tiff_django/.venv/lib/python3.11/site-packages/django/template/base.py", line 1018, in render
    return SafeString("".join([node.render_annotated(context) for node in self]))
                              ^^^^^^^^^^^^^^^^^^^^^^^^^^^^^^^^^^^^^^^^^^^^^^^^^
  File "/home/sasha/PycharmProjects/tiff_django/.venv/lib/python3.11/site-packages/django/template/base.py", line 1018, in <listcomp>
    return SafeString("".join([node.render_annotated(context) for node in self]))
                               ^^^^^^^^^^^^^^^^^^^^^^^^^^^^^^
  File "/home/sasha/PycharmProjects/tiff_django/.venv/lib/python3.11/site-packages/django/template/base.py", line 979, in render_annotated
    return self.render(context)
           ^^^^^^^^^^^^^^^^^^^^
  File "/home/sasha/PycharmProjects/tiff_django/.venv/lib/python3.11/site-packages/django/template/loader_tags.py", line 56, in render
    result = self.nodelist.render(context)
             ^^^^^^^^^^^^^^^^^^^^^^^^^^^^^
  File "/home/sasha/PycharmProjects/tiff_django/.venv/lib/python3.11/site-packages/django/template/base.py", line 1018, in render
    return SafeString("".join([node.render_annotated(context) for node in self]))
                              ^^^^^^^^^^^^^^^^^^^^^^^^^^^^^^^^^^^^^^^^^^^^^^^^^
  File "/home/sasha/PycharmProjects/tiff_django/.venv/lib/python3.11/site-packages/django/template/base.py", line 1018, in <listcomp>
    return SafeString("".join([node.render_annotated(context) for node in self]))
                               ^^^^^^^^^^^^^^^^^^^^^^^^^^^^^^
  File "/home/sasha/PycharmProjects/tiff_django/.venv/lib/python3.11/site-packages/django/template/base.py", line 979, in render_annotated
    return self.render(context)
           ^^^^^^^^^^^^^^^^^^^^
  File "/home/sasha/PycharmProjects/tiff_django/.venv/lib/python3.11/site-packages/django/template/defaulttags.py", line 480, in render
    url = reverse(view_name, args=args, kwargs=kwargs, current_app=current_app)
          ^^^^^^^^^^^^^^^^^^^^^^^^^^^^^^^^^^^^^^^^^^^^^^^^^^^^^^^^^^^^^^^^^^^^^
  File "/home/sasha/PycharmProjects/tiff_django/.venv/lib/python3.11/site-packages/django/urls/base.py", line 98, in reverse
    resolved_url = resolver._reverse_with_prefix(view, prefix, *args, **kwargs)
                   ^^^^^^^^^^^^^^^^^^^^^^^^^^^^^^^^^^^^^^^^^^^^^^^^^^^^^^^^^^^^
  File "/home/sasha/PycharmProjects/tiff_django/.venv/lib/python3.11/site-packages/django/urls/resolvers.py", line 831, in _reverse_with_prefix
    raise NoReverseMatch(msg)
django.urls.exceptions.NoReverseMatch: Reverse for 'banners_list' not found. 'banners_list' is not a valid view function or pattern name.
2026-03-21 22:02:51,122 django.utils.autoreload INFO     /home/sasha/PycharmProjects/tiff_django/files/views/create_banner.py changed, reloading.
2026-03-21 22:02:52,256 django.utils.autoreload INFO     Watching for file changes with StatReloader
2026-03-21 22:03:01,362 django.utils.autoreload INFO     /home/sasha/PycharmProjects/tiff_django/files/views/create_banner.py changed, reloading.
2026-03-21 22:03:02,360 django.utils.autoreload INFO     Watching for file changes with StatReloader
2026-03-21 22:03:48,230 django.utils.autoreload INFO     /home/sasha/PycharmProjects/tiff_django/files/views/create_banner.py changed, reloading.
2026-03-21 22:03:49,483 django.utils.autoreload INFO     Watching for file changes with StatReloader
2026-03-21 22:03:59,785 django.utils.autoreload INFO     /home/sasha/PycharmProjects/tiff_django/files/urls.py changed, reloading.
2026-03-21 22:04:01,040 django.utils.autoreload INFO     Watching for file changes with StatReloader
2026-03-21 22:04:05,644 django.request ERROR    Internal Server Error: /files/create_banner/
Traceback (most recent call last):
  File "/home/sasha/PycharmProjects/tiff_django/.venv/lib/python3.11/site-packages/django/core/handlers/exception.py", line 55, in inner
    response = get_response(request)
               ^^^^^^^^^^^^^^^^^^^^^
  File "/home/sasha/PycharmProjects/tiff_django/.venv/lib/python3.11/site-packages/django/core/handlers/base.py", line 197, in _get_response
    response = wrapped_callback(request, *callback_args, **callback_kwargs)
               ^^^^^^^^^^^^^^^^^^^^^^^^^^^^^^^^^^^^^^^^^^^^^^^^^^^^^^^^^^^^
  File "/home/sasha/PycharmProjects/tiff_django/.venv/lib/python3.11/site-packages/django/views/generic/base.py", line 105, in view
    return self.dispatch(request, *args, **kwargs)
           ^^^^^^^^^^^^^^^^^^^^^^^^^^^^^^^^^^^^^^^
  File "/home/sasha/PycharmProjects/tiff_django/.venv/lib/python3.11/site-packages/django/views/generic/base.py", line 144, in dispatch
    return handler(request, *args, **kwargs)
           ^^^^^^^^^^^^^^^^^^^^^^^^^^^^^^^^^
  File "/home/sasha/PycharmProjects/tiff_django/files/views/create_banner.py", line 23, in get
    return render(request, 'files/create_banner.html', context)
           ^^^^^^^^^^^^^^^^^^^^^^^^^^^^^^^^^^^^^^^^^^^^^^^^^^^^
  File "/home/sasha/PycharmProjects/tiff_django/.venv/lib/python3.11/site-packages/django/shortcuts.py", line 25, in render
    content = loader.render_to_string(template_name, context, request, using=using)
              ^^^^^^^^^^^^^^^^^^^^^^^^^^^^^^^^^^^^^^^^^^^^^^^^^^^^^^^^^^^^^^^^^^^^^
  File "/home/sasha/PycharmProjects/tiff_django/.venv/lib/python3.11/site-packages/django/template/loader.py", line 62, in render_to_string
    return template.render(context, request)
           ^^^^^^^^^^^^^^^^^^^^^^^^^^^^^^^^^
  File "/home/sasha/PycharmProjects/tiff_django/.venv/lib/python3.11/site-packages/django/template/backends/django.py", line 107, in render
    return self.template.render(context)
           ^^^^^^^^^^^^^^^^^^^^^^^^^^^^^
  File "/home/sasha/PycharmProjects/tiff_django/.venv/lib/python3.11/site-packages/django/template/base.py", line 172, in render
    return self._render(context)
           ^^^^^^^^^^^^^^^^^^^^^
  File "/home/sasha/PycharmProjects/tiff_django/.venv/lib/python3.11/site-packages/django/template/base.py", line 164, in _render
    return self.nodelist.render(context)
           ^^^^^^^^^^^^^^^^^^^^^^^^^^^^^
  File "/home/sasha/PycharmProjects/tiff_django/.venv/lib/python3.11/site-packages/django/template/base.py", line 1018, in render
    return SafeString("".join([node.render_annotated(context) for node in self]))
                              ^^^^^^^^^^^^^^^^^^^^^^^^^^^^^^^^^^^^^^^^^^^^^^^^^
  File "/home/sasha/PycharmProjects/tiff_django/.venv/lib/python3.11/site-packages/django/template/base.py", line 1018, in <listcomp>
    return SafeString("".join([node.render_annotated(context) for node in self]))
                               ^^^^^^^^^^^^^^^^^^^^^^^^^^^^^^
  File "/home/sasha/PycharmProjects/tiff_django/.venv/lib/python3.11/site-packages/django/template/base.py", line 979, in render_annotated
    return self.render(context)
           ^^^^^^^^^^^^^^^^^^^^
  File "/home/sasha/PycharmProjects/tiff_django/.venv/lib/python3.11/site-packages/django/template/loader_tags.py", line 56, in render
    result = self.nodelist.render(context)
             ^^^^^^^^^^^^^^^^^^^^^^^^^^^^^
  File "/home/sasha/PycharmProjects/tiff_django/.venv/lib/python3.11/site-packages/django/template/base.py", line 1018, in render
    return SafeString("".join([node.render_annotated(context) for node in self]))
                              ^^^^^^^^^^^^^^^^^^^^^^^^^^^^^^^^^^^^^^^^^^^^^^^^^
  File "/home/sasha/PycharmProjects/tiff_django/.venv/lib/python3.11/site-packages/django/template/base.py", line 1018, in <listcomp>
    return SafeString("".join([node.render_annotated(context) for node in self]))
                               ^^^^^^^^^^^^^^^^^^^^^^^^^^^^^^
  File "/home/sasha/PycharmProjects/tiff_django/.venv/lib/python3.11/site-packages/django/template/base.py", line 979, in render_annotated
    return self.render(context)
           ^^^^^^^^^^^^^^^^^^^^
  File "/home/sasha/PycharmProjects/tiff_django/.venv/lib/python3.11/site-packages/django/template/defaulttags.py", line 480, in render
    url = reverse(view_name, args=args, kwargs=kwargs, current_app=current_app)
          ^^^^^^^^^^^^^^^^^^^^^^^^^^^^^^^^^^^^^^^^^^^^^^^^^^^^^^^^^^^^^^^^^^^^^
  File "/home/sasha/PycharmProjects/tiff_django/.venv/lib/python3.11/site-packages/django/urls/base.py", line 98, in reverse
    resolved_url = resolver._reverse_with_prefix(view, prefix, *args, **kwargs)
                   ^^^^^^^^^^^^^^^^^^^^^^^^^^^^^^^^^^^^^^^^^^^^^^^^^^^^^^^^^^^^
  File "/home/sasha/PycharmProjects/tiff_django/.venv/lib/python3.11/site-packages/django/urls/resolvers.py", line 831, in _reverse_with_prefix
    raise NoReverseMatch(msg)
django.urls.exceptions.NoReverseMatch: Reverse for 'banners_list' not found. 'banners_list' is not a valid view function or pattern name.
2026-03-21 22:04:35,119 django.utils.autoreload INFO     Watching for file changes with StatReloader
2026-03-21 22:04:47,111 django.request ERROR    Internal Server Error: /files/submit-banner-order/
2026-03-22 15:02:01,886 django.request ERROR    Internal Server Error: /files/submit-banner-order/
2026-03-22 15:04:09,825 django.request ERROR    Internal Server Error: /files/create_banner/
Traceback (most recent call last):
  File "/home/sasha/PycharmProjects/tiff_django/.venv/lib/python3.11/site-packages/django/template/base.py", line 511, in parse
    compile_func = self.tags[command]
                   ~~~~~~~~~^^^^^^^^^
KeyError: 'extend'

During handling of the above exception, another exception occurred:

Traceback (most recent call last):
  File "/home/sasha/PycharmProjects/tiff_django/.venv/lib/python3.11/site-packages/django/core/handlers/exception.py", line 55, in inner
    response = get_response(request)
               ^^^^^^^^^^^^^^^^^^^^^
  File "/home/sasha/PycharmProjects/tiff_django/.venv/lib/python3.11/site-packages/django/core/handlers/base.py", line 197, in _get_response
    response = wrapped_callback(request, *callback_args, **callback_kwargs)
               ^^^^^^^^^^^^^^^^^^^^^^^^^^^^^^^^^^^^^^^^^^^^^^^^^^^^^^^^^^^^
  File "/home/sasha/PycharmProjects/tiff_django/.venv/lib/python3.11/site-packages/django/views/generic/base.py", line 105, in view
    return self.dispatch(request, *args, **kwargs)
           ^^^^^^^^^^^^^^^^^^^^^^^^^^^^^^^^^^^^^^^
  File "/home/sasha/PycharmProjects/tiff_django/.venv/lib/python3.11/site-packages/django/views/generic/base.py", line 144, in dispatch
    return handler(request, *args, **kwargs)
           ^^^^^^^^^^^^^^^^^^^^^^^^^^^^^^^^^
  File "/home/sasha/PycharmProjects/tiff_django/files/views/create_banner.py", line 23, in get
    return render(request, 'files/create_banner.html', context)
           ^^^^^^^^^^^^^^^^^^^^^^^^^^^^^^^^^^^^^^^^^^^^^^^^^^^^
  File "/home/sasha/PycharmProjects/tiff_django/.venv/lib/python3.11/site-packages/django/shortcuts.py", line 25, in render
    content = loader.render_to_string(template_name, context, request, using=using)
              ^^^^^^^^^^^^^^^^^^^^^^^^^^^^^^^^^^^^^^^^^^^^^^^^^^^^^^^^^^^^^^^^^^^^^
  File "/home/sasha/PycharmProjects/tiff_django/.venv/lib/python3.11/site-packages/django/template/loader.py", line 61, in render_to_string
    template = get_template(template_name, using=using)
               ^^^^^^^^^^^^^^^^^^^^^^^^^^^^^^^^^^^^^^^^
  File "/home/sasha/PycharmProjects/tiff_django/.venv/lib/python3.11/site-packages/django/template/loader.py", line 15, in get_template
    return engine.get_template(template_name)
           ^^^^^^^^^^^^^^^^^^^^^^^^^^^^^^^^^^
  File "/home/sasha/PycharmProjects/tiff_django/.venv/lib/python3.11/site-packages/django/template/backends/django.py", line 79, in get_template
    return Template(self.engine.get_template(template_name), self)
                    ^^^^^^^^^^^^^^^^^^^^^^^^^^^^^^^^^^^^^^^
  File "/home/sasha/PycharmProjects/tiff_django/.venv/lib/python3.11/site-packages/django/template/engine.py", line 177, in get_template
    template, origin = self.find_template(template_name)
                       ^^^^^^^^^^^^^^^^^^^^^^^^^^^^^^^^^
  File "/home/sasha/PycharmProjects/tiff_django/.venv/lib/python3.11/site-packages/django/template/engine.py", line 159, in find_template
    template = loader.get_template(name, skip=skip)
               ^^^^^^^^^^^^^^^^^^^^^^^^^^^^^^^^^^^^
  File "/home/sasha/PycharmProjects/tiff_django/.venv/lib/python3.11/site-packages/django/template/loaders/cached.py", line 57, in get_template
    template = super().get_template(template_name, skip)
               ^^^^^^^^^^^^^^^^^^^^^^^^^^^^^^^^^^^^^^^^^
  File "/home/sasha/PycharmProjects/tiff_django/.venv/lib/python3.11/site-packages/django/template/loaders/base.py", line 28, in get_template
    return Template(
           ^^^^^^^^^
  File "/home/sasha/PycharmProjects/tiff_django/.venv/lib/python3.11/site-packages/django/template/base.py", line 155, in __init__
    self.nodelist = self.compile_nodelist()
                    ^^^^^^^^^^^^^^^^^^^^^^^
  File "/home/sasha/PycharmProjects/tiff_django/.venv/lib/python3.11/site-packages/django/template/base.py", line 197, in compile_nodelist
    nodelist = parser.parse()
               ^^^^^^^^^^^^^^
  File "/home/sasha/PycharmProjects/tiff_django/.venv/lib/python3.11/site-packages/django/template/base.py", line 513, in parse
    self.invalid_block_tag(token, command, parse_until)
  File "/home/sasha/PycharmProjects/tiff_django/.venv/lib/python3.11/site-packages/django/template/base.py", line 578, in invalid_block_tag
    raise self.error(
django.template.exceptions.TemplateSyntaxError: Invalid block tag on line 2: 'extend'. Did you forget to register or load this tag?
2026-03-22 15:04:57,335 django.request ERROR    Internal Server Error: /files/create_banner/
Traceback (most recent call last):
  File "/home/sasha/PycharmProjects/tiff_django/.venv/lib/python3.11/site-packages/django/template/backends/django.py", line 107, in render
    return self.template.render(context)
           ^^^^^^^^^^^^^^^^^^^^^^^^^^^^^
  File "/home/sasha/PycharmProjects/tiff_django/.venv/lib/python3.11/site-packages/django/template/base.py", line 172, in render
    return self._render(context)
           ^^^^^^^^^^^^^^^^^^^^^
  File "/home/sasha/PycharmProjects/tiff_django/.venv/lib/python3.11/site-packages/django/template/base.py", line 164, in _render
    return self.nodelist.render(context)
           ^^^^^^^^^^^^^^^^^^^^^^^^^^^^^
  File "/home/sasha/PycharmProjects/tiff_django/.venv/lib/python3.11/site-packages/django/template/base.py", line 1018, in render
    return SafeString("".join([node.render_annotated(context) for node in self]))
                              ^^^^^^^^^^^^^^^^^^^^^^^^^^^^^^^^^^^^^^^^^^^^^^^^^
  File "/home/sasha/PycharmProjects/tiff_django/.venv/lib/python3.11/site-packages/django/template/base.py", line 1018, in <listcomp>
    return SafeString("".join([node.render_annotated(context) for node in self]))
                               ^^^^^^^^^^^^^^^^^^^^^^^^^^^^^^
  File "/home/sasha/PycharmProjects/tiff_django/.venv/lib/python3.11/site-packages/django/template/base.py", line 979, in render_annotated
    return self.render(context)
           ^^^^^^^^^^^^^^^^^^^^
  File "/home/sasha/PycharmProjects/tiff_django/.venv/lib/python3.11/site-packages/django/template/loader_tags.py", line 134, in render
    compiled_parent = self.get_parent(context)
                      ^^^^^^^^^^^^^^^^^^^^^^^^
  File "/home/sasha/PycharmProjects/tiff_django/.venv/lib/python3.11/site-packages/django/template/loader_tags.py", line 131, in get_parent
    return self.find_template(parent, context)
           ^^^^^^^^^^^^^^^^^^^^^^^^^^^^^^^^^^^
  File "/home/sasha/PycharmProjects/tiff_django/.venv/lib/python3.11/site-packages/django/template/loader_tags.py", line 109, in find_template
    template, origin = context.template.engine.find_template(
                       ^^^^^^^^^^^^^^^^^^^^^^^^^^^^^^^^^^^^^^
  File "/home/sasha/PycharmProjects/tiff_django/.venv/lib/python3.11/site-packages/django/template/engine.py", line 163, in find_template
    raise TemplateDoesNotExist(name, tried=tried)
django.template.exceptions.TemplateDoesNotExist: base_baner.html

The above exception was the direct cause of the following exception:

Traceback (most recent call last):
  File "/home/sasha/PycharmProjects/tiff_django/.venv/lib/python3.11/site-packages/django/core/handlers/exception.py", line 55, in inner
    response = get_response(request)
               ^^^^^^^^^^^^^^^^^^^^^
  File "/home/sasha/PycharmProjects/tiff_django/.venv/lib/python3.11/site-packages/django/core/handlers/base.py", line 197, in _get_response
    response = wrapped_callback(request, *callback_args, **callback_kwargs)
               ^^^^^^^^^^^^^^^^^^^^^^^^^^^^^^^^^^^^^^^^^^^^^^^^^^^^^^^^^^^^
  File "/home/sasha/PycharmProjects/tiff_django/.venv/lib/python3.11/site-packages/django/views/generic/base.py", line 105, in view
    return self.dispatch(request, *args, **kwargs)
           ^^^^^^^^^^^^^^^^^^^^^^^^^^^^^^^^^^^^^^^
  File "/home/sasha/PycharmProjects/tiff_django/.venv/lib/python3.11/site-packages/django/views/generic/base.py", line 144, in dispatch
    return handler(request, *args, **kwargs)
           ^^^^^^^^^^^^^^^^^^^^^^^^^^^^^^^^^
  File "/home/sasha/PycharmProjects/tiff_django/files/views/create_banner.py", line 23, in get
    return render(request, 'files/create_banner.html', context)
           ^^^^^^^^^^^^^^^^^^^^^^^^^^^^^^^^^^^^^^^^^^^^^^^^^^^^
  File "/home/sasha/PycharmProjects/tiff_django/.venv/lib/python3.11/site-packages/django/shortcuts.py", line 25, in render
    content = loader.render_to_string(template_name, context, request, using=using)
              ^^^^^^^^^^^^^^^^^^^^^^^^^^^^^^^^^^^^^^^^^^^^^^^^^^^^^^^^^^^^^^^^^^^^^
  File "/home/sasha/PycharmProjects/tiff_django/.venv/lib/python3.11/site-packages/django/template/loader.py", line 62, in render_to_string
    return template.render(context, request)
           ^^^^^^^^^^^^^^^^^^^^^^^^^^^^^^^^^
  File "/home/sasha/PycharmProjects/tiff_django/.venv/lib/python3.11/site-packages/django/template/backends/django.py", line 109, in render
    reraise(exc, self.backend)
  File "/home/sasha/PycharmProjects/tiff_django/.venv/lib/python3.11/site-packages/django/template/backends/django.py", line 130, in reraise
    raise new from exc
django.template.exceptions.TemplateDoesNotExist: base_baner.html
2026-03-22 15:05:17,169 django.request ERROR    Internal Server Error: /files/create_banner/
Traceback (most recent call last):
  File "/home/sasha/PycharmProjects/tiff_django/.venv/lib/python3.11/site-packages/django/template/backends/django.py", line 107, in render
    return self.template.render(context)
           ^^^^^^^^^^^^^^^^^^^^^^^^^^^^^
  File "/home/sasha/PycharmProjects/tiff_django/.venv/lib/python3.11/site-packages/django/template/base.py", line 172, in render
    return self._render(context)
           ^^^^^^^^^^^^^^^^^^^^^
  File "/home/sasha/PycharmProjects/tiff_django/.venv/lib/python3.11/site-packages/django/template/base.py", line 164, in _render
    return self.nodelist.render(context)
           ^^^^^^^^^^^^^^^^^^^^^^^^^^^^^
  File "/home/sasha/PycharmProjects/tiff_django/.venv/lib/python3.11/site-packages/django/template/base.py", line 1018, in render
    return SafeString("".join([node.render_annotated(context) for node in self]))
                              ^^^^^^^^^^^^^^^^^^^^^^^^^^^^^^^^^^^^^^^^^^^^^^^^^
  File "/home/sasha/PycharmProjects/tiff_django/.venv/lib/python3.11/site-packages/django/template/base.py", line 1018, in <listcomp>
    return SafeString("".join([node.render_annotated(context) for node in self]))
                               ^^^^^^^^^^^^^^^^^^^^^^^^^^^^^^
  File "/home/sasha/PycharmProjects/tiff_django/.venv/lib/python3.11/site-packages/django/template/base.py", line 979, in render_annotated
    return self.render(context)
           ^^^^^^^^^^^^^^^^^^^^
  File "/home/sasha/PycharmProjects/tiff_django/.venv/lib/python3.11/site-packages/django/template/loader_tags.py", line 134, in render
    compiled_parent = self.get_parent(context)
                      ^^^^^^^^^^^^^^^^^^^^^^^^
  File "/home/sasha/PycharmProjects/tiff_django/.venv/lib/python3.11/site-packages/django/template/loader_tags.py", line 131, in get_parent
    return self.find_template(parent, context)
           ^^^^^^^^^^^^^^^^^^^^^^^^^^^^^^^^^^^
  File "/home/sasha/PycharmProjects/tiff_django/.venv/lib/python3.11/site-packages/django/template/loader_tags.py", line 109, in find_template
    template, origin = context.template.engine.find_template(
                       ^^^^^^^^^^^^^^^^^^^^^^^^^^^^^^^^^^^^^^
  File "/home/sasha/PycharmProjects/tiff_django/.venv/lib/python3.11/site-packages/django/template/engine.py", line 163, in find_template
    raise TemplateDoesNotExist(name, tried=tried)
django.template.exceptions.TemplateDoesNotExist: files/base_baner.html

The above exception was the direct cause of the following exception:

Traceback (most recent call last):
  File "/home/sasha/PycharmProjects/tiff_django/.venv/lib/python3.11/site-packages/django/core/handlers/exception.py", line 55, in inner
    response = get_response(request)
               ^^^^^^^^^^^^^^^^^^^^^
  File "/home/sasha/PycharmProjects/tiff_django/.venv/lib/python3.11/site-packages/django/core/handlers/base.py", line 197, in _get_response
    response = wrapped_callback(request, *callback_args, **callback_kwargs)
               ^^^^^^^^^^^^^^^^^^^^^^^^^^^^^^^^^^^^^^^^^^^^^^^^^^^^^^^^^^^^
  File "/home/sasha/PycharmProjects/tiff_django/.venv/lib/python3.11/site-packages/django/views/generic/base.py", line 105, in view
    return self.dispatch(request, *args, **kwargs)
           ^^^^^^^^^^^^^^^^^^^^^^^^^^^^^^^^^^^^^^^
  File "/home/sasha/PycharmProjects/tiff_django/.venv/lib/python3.11/site-packages/django/views/generic/base.py", line 144, in dispatch
    return handler(request, *args, **kwargs)
           ^^^^^^^^^^^^^^^^^^^^^^^^^^^^^^^^^
  File "/home/sasha/PycharmProjects/tiff_django/files/views/create_banner.py", line 23, in get
    return render(request, 'files/create_banner.html', context)
           ^^^^^^^^^^^^^^^^^^^^^^^^^^^^^^^^^^^^^^^^^^^^^^^^^^^^
  File "/home/sasha/PycharmProjects/tiff_django/.venv/lib/python3.11/site-packages/django/shortcuts.py", line 25, in render
    content = loader.render_to_string(template_name, context, request, using=using)
              ^^^^^^^^^^^^^^^^^^^^^^^^^^^^^^^^^^^^^^^^^^^^^^^^^^^^^^^^^^^^^^^^^^^^^
  File "/home/sasha/PycharmProjects/tiff_django/.venv/lib/python3.11/site-packages/django/template/loader.py", line 62, in render_to_string
    return template.render(context, request)
           ^^^^^^^^^^^^^^^^^^^^^^^^^^^^^^^^^
  File "/home/sasha/PycharmProjects/tiff_django/.venv/lib/python3.11/site-packages/django/template/backends/django.py", line 109, in render
    reraise(exc, self.backend)
  File "/home/sasha/PycharmProjects/tiff_django/.venv/lib/python3.11/site-packages/django/template/backends/django.py", line 130, in reraise
    raise new from exc
django.template.exceptions.TemplateDoesNotExist: files/base_baner.html
2026-03-22 15:06:15,451 profiles.views INFO     Orders:  <QuerySet []>
2026-03-22 15:06:15,452 profiles.views INFO     page_NUM: 1
2026-03-22 15:06:15,453 profiles.views INFO     page_NUM: <Page 1 of 1>
2026-03-22 15:11:48,300 profiles.views INFO     Orders:  <QuerySet [<Order: Заказ № 6>, <Order: Заказ № 5>, <Order: Заказ № 4>, <Order: Заказ № 3>, <Order: Заказ № 2>]>
2026-03-22 15:11:48,300 profiles.views INFO     page_NUM: 1
2026-03-22 15:11:48,301 profiles.views INFO     page_NUM: <Page 1 of 3>
2026-03-22 15:24:44,704 django.request ERROR    Internal Server Error: /files/submit-banner-order/
2026-03-22 15:29:22,493 django.request ERROR    Internal Server Error: /files/create_banner/
Traceback (most recent call last):
  File "/home/sasha/PycharmProjects/tiff_django/.venv/lib/python3.11/site-packages/django/template/base.py", line 511, in parse
    compile_func = self.tags[command]
                   ~~~~~~~~~^^^^^^^^^
KeyError: 'provider_login_url'

During handling of the above exception, another exception occurred:

Traceback (most recent call last):
  File "/home/sasha/PycharmProjects/tiff_django/.venv/lib/python3.11/site-packages/django/core/handlers/exception.py", line 55, in inner
    response = get_response(request)
               ^^^^^^^^^^^^^^^^^^^^^
  File "/home/sasha/PycharmProjects/tiff_django/.venv/lib/python3.11/site-packages/django/core/handlers/base.py", line 197, in _get_response
    response = wrapped_callback(request, *callback_args, **callback_kwargs)
               ^^^^^^^^^^^^^^^^^^^^^^^^^^^^^^^^^^^^^^^^^^^^^^^^^^^^^^^^^^^^
  File "/home/sasha/PycharmProjects/tiff_django/.venv/lib/python3.11/site-packages/django/views/generic/base.py", line 105, in view
    return self.dispatch(request, *args, **kwargs)
           ^^^^^^^^^^^^^^^^^^^^^^^^^^^^^^^^^^^^^^^
  File "/home/sasha/PycharmProjects/tiff_django/.venv/lib/python3.11/site-packages/django/views/generic/base.py", line 144, in dispatch
    return handler(request, *args, **kwargs)
           ^^^^^^^^^^^^^^^^^^^^^^^^^^^^^^^^^
  File "/home/sasha/PycharmProjects/tiff_django/files/views/create_banner.py", line 23, in get
    return render(request, 'files/create_banner.html', context)
           ^^^^^^^^^^^^^^^^^^^^^^^^^^^^^^^^^^^^^^^^^^^^^^^^^^^^
  File "/home/sasha/PycharmProjects/tiff_django/.venv/lib/python3.11/site-packages/django/shortcuts.py", line 25, in render
    content = loader.render_to_string(template_name, context, request, using=using)
              ^^^^^^^^^^^^^^^^^^^^^^^^^^^^^^^^^^^^^^^^^^^^^^^^^^^^^^^^^^^^^^^^^^^^^
  File "/home/sasha/PycharmProjects/tiff_django/.venv/lib/python3.11/site-packages/django/template/loader.py", line 62, in render_to_string
    return template.render(context, request)
           ^^^^^^^^^^^^^^^^^^^^^^^^^^^^^^^^^
  File "/home/sasha/PycharmProjects/tiff_django/.venv/lib/python3.11/site-packages/django/template/backends/django.py", line 107, in render
    return self.template.render(context)
           ^^^^^^^^^^^^^^^^^^^^^^^^^^^^^
  File "/home/sasha/PycharmProjects/tiff_django/.venv/lib/python3.11/site-packages/django/template/base.py", line 172, in render
    return self._render(context)
           ^^^^^^^^^^^^^^^^^^^^^
  File "/home/sasha/PycharmProjects/tiff_django/.venv/lib/python3.11/site-packages/django/template/base.py", line 164, in _render
    return self.nodelist.render(context)
           ^^^^^^^^^^^^^^^^^^^^^^^^^^^^^
  File "/home/sasha/PycharmProjects/tiff_django/.venv/lib/python3.11/site-packages/django/template/base.py", line 1018, in render
    return SafeString("".join([node.render_annotated(context) for node in self]))
                              ^^^^^^^^^^^^^^^^^^^^^^^^^^^^^^^^^^^^^^^^^^^^^^^^^
  File "/home/sasha/PycharmProjects/tiff_django/.venv/lib/python3.11/site-packages/django/template/base.py", line 1018, in <listcomp>
    return SafeString("".join([node.render_annotated(context) for node in self]))
                               ^^^^^^^^^^^^^^^^^^^^^^^^^^^^^^
  File "/home/sasha/PycharmProjects/tiff_django/.venv/lib/python3.11/site-packages/django/template/base.py", line 979, in render_annotated
    return self.render(context)
           ^^^^^^^^^^^^^^^^^^^^
  File "/home/sasha/PycharmProjects/tiff_django/.venv/lib/python3.11/site-packages/django/template/loader_tags.py", line 134, in render
    compiled_parent = self.get_parent(context)
                      ^^^^^^^^^^^^^^^^^^^^^^^^
  File "/home/sasha/PycharmProjects/tiff_django/.venv/lib/python3.11/site-packages/django/template/loader_tags.py", line 131, in get_parent
    return self.find_template(parent, context)
           ^^^^^^^^^^^^^^^^^^^^^^^^^^^^^^^^^^^
  File "/home/sasha/PycharmProjects/tiff_django/.venv/lib/python3.11/site-packages/django/template/loader_tags.py", line 109, in find_template
    template, origin = context.template.engine.find_template(
                       ^^^^^^^^^^^^^^^^^^^^^^^^^^^^^^^^^^^^^^
  File "/home/sasha/PycharmProjects/tiff_django/.venv/lib/python3.11/site-packages/django/template/engine.py", line 159, in find_template
    template = loader.get_template(name, skip=skip)
               ^^^^^^^^^^^^^^^^^^^^^^^^^^^^^^^^^^^^
  File "/home/sasha/PycharmProjects/tiff_django/.venv/lib/python3.11/site-packages/django/template/loaders/cached.py", line 57, in get_template
    template = super().get_template(template_name, skip)
               ^^^^^^^^^^^^^^^^^^^^^^^^^^^^^^^^^^^^^^^^^
  File "/home/sasha/PycharmProjects/tiff_django/.venv/lib/python3.11/site-packages/django/template/loaders/base.py", line 28, in get_template
    return Template(
           ^^^^^^^^^
  File "/home/sasha/PycharmProjects/tiff_django/.venv/lib/python3.11/site-packages/django/template/base.py", line 155, in __init__
    self.nodelist = self.compile_nodelist()
                    ^^^^^^^^^^^^^^^^^^^^^^^
  File "/home/sasha/PycharmProjects/tiff_django/.venv/lib/python3.11/site-packages/django/template/base.py", line 197, in compile_nodelist
    nodelist = parser.parse()
               ^^^^^^^^^^^^^^
  File "/home/sasha/PycharmProjects/tiff_django/.venv/lib/python3.11/site-packages/django/template/base.py", line 513, in parse
    self.invalid_block_tag(token, command, parse_until)
  File "/home/sasha/PycharmProjects/tiff_django/.venv/lib/python3.11/site-packages/django/template/base.py", line 578, in invalid_block_tag
    raise self.error(
django.template.exceptions.TemplateSyntaxError: Invalid block tag on line 238: 'provider_login_url'. Did you forget to register or load this tag?
2026-03-22 15:30:59,749 profiles.views INFO     Orders:  <QuerySet []>
2026-03-22 15:30:59,749 profiles.views INFO     page_NUM: 1
2026-03-22 15:30:59,756 profiles.views INFO     page_NUM: <Page 1 of 1>
2026-03-22 15:42:28,053 django.request ERROR    Internal Server Error: /files/submit-banner-order/
2026-03-22 15:42:48,667 profiles.views INFO     Orders:  <QuerySet [<Order: Заказ № 6>, <Order: Заказ № 5>, <Order: Заказ № 4>, <Order: Заказ № 3>, <Order: Заказ № 2>]>
2026-03-22 15:42:48,671 profiles.views INFO     page_NUM: 1
2026-03-22 15:42:48,673 profiles.views INFO     page_NUM: <Page 1 of 3>
2026-03-22 15:44:28,329 django.request ERROR    Internal Server Error: /files/submit-banner-order/
2026-03-22 15:48:27,696 django.utils.autoreload INFO     /home/sasha/PycharmProjects/tiff_django/files/views/create_banner.py changed, reloading.
2026-03-22 15:48:29,182 django.utils.autoreload INFO     Watching for file changes with StatReloader
2026-03-22 15:48:34,510 django.request ERROR    Internal Server Error: /files/submit-banner-order/
2026-03-22 15:48:47,165 django.utils.autoreload INFO     Watching for file changes with StatReloader
2026-03-22 15:48:51,160 django.request ERROR    Internal Server Error: /files/submit-banner-order/
2026-03-22 15:49:49,119 profiles.views INFO     Orders:  <QuerySet [<Order: Заказ № 6>, <Order: Заказ № 5>, <Order: Заказ № 4>, <Order: Заказ № 3>, <Order: Заказ № 2>]>
2026-03-22 15:49:49,120 profiles.views INFO     page_NUM: 1
2026-03-22 15:49:49,125 profiles.views INFO     page_NUM: <Page 1 of 3>
2026-03-22 15:49:52,480 root         INFO     <WSGIRequest: GET '/orders/neworder/'>
2026-03-22 15:49:52,482 root         INFO     [ДАТА ГОТОВНОСТИ + ДВА ДНЯ К ДАТЕ ЗАКАЗА] 7
2026-03-22 15:51:05,302 django.request ERROR    Internal Server Error: /files/submit-banner-order/
2026-03-22 16:08:28,163 django.request ERROR    Internal Server Error: /files/submit-banner-order/
2026-03-22 16:09:52,347 django.utils.autoreload INFO     /home/sasha/PycharmProjects/tiff_django/files/views/create_banner.py changed, reloading.
2026-03-22 16:09:53,376 django.utils.autoreload INFO     Watching for file changes with StatReloader
2026-03-22 16:09:57,379 django.request ERROR    Internal Server Error: /files/submit-banner-order/
2026-03-22 16:54:52,935 profiles.views INFO     Orders:  <QuerySet [<Order: Заказ № 6>, <Order: Заказ № 5>, <Order: Заказ № 4>, <Order: Заказ № 3>, <Order: Заказ № 2>]>
2026-03-22 16:54:52,936 profiles.views INFO     page_NUM: 1
2026-03-22 16:54:52,937 profiles.views INFO     page_NUM: <Page 1 of 3>
2026-03-22 16:54:55,820 root         INFO     <WSGIRequest: GET '/orders/neworder/'>
2026-03-22 16:54:55,827 root         INFO     [ДАТА ГОТОВНОСТИ + ДВА ДНЯ К ДАТЕ ЗАКАЗА] 7
2026-03-22 17:02:03,058 root         INFO     <WSGIRequest: GET '/orders/neworder/'>
2026-03-22 17:02:03,060 root         INFO     [ДАТА ГОТОВНОСТИ + ДВА ДНЯ К ДАТЕ ЗАКАЗА] 7
2026-03-22 17:04:33,487 root         INFO     <WSGIRequest: GET '/orders/neworder/'>
2026-03-22 17:04:33,488 root         INFO     [ДАТА ГОТОВНОСТИ + ДВА ДНЯ К ДАТЕ ЗАКАЗА] 7
2026-03-22 17:06:15,382 root         INFO     <WSGIRequest: GET '/orders/neworder/'>
2026-03-22 17:06:15,383 root         INFO     [ДАТА ГОТОВНОСТИ + ДВА ДНЯ К ДАТЕ ЗАКАЗА] 7
2026-03-22 17:11:12,600 django.request ERROR    Internal Server Error: /files/submit-banner-order/
2026-03-22 17:28:05,843 django.utils.autoreload INFO     /home/sasha/PycharmProjects/tiff_django/files/views/create_banner.py changed, reloading.
2026-03-22 17:28:06,873 django.utils.autoreload INFO     Watching for file changes with StatReloader
2026-03-22 17:29:41,300 django.utils.autoreload INFO     /home/sasha/PycharmProjects/tiff_django/files/views/create_banner.py changed, reloading.
2026-03-22 17:29:42,317 django.utils.autoreload INFO     Watching for file changes with StatReloader
2026-03-22 17:29:45,578 django.request ERROR    Internal Server Error: /files/submit-banner-order/
Traceback (most recent call last):
  File "/home/sasha/PycharmProjects/tiff_django/.venv/lib/python3.11/site-packages/django/core/handlers/exception.py", line 55, in inner
    response = get_response(request)
               ^^^^^^^^^^^^^^^^^^^^^
  File "/home/sasha/PycharmProjects/tiff_django/.venv/lib/python3.11/site-packages/django/core/handlers/base.py", line 197, in _get_response
    response = wrapped_callback(request, *callback_args, **callback_kwargs)
               ^^^^^^^^^^^^^^^^^^^^^^^^^^^^^^^^^^^^^^^^^^^^^^^^^^^^^^^^^^^^
  File "/home/sasha/PycharmProjects/tiff_django/.venv/lib/python3.11/site-packages/django/views/decorators/csrf.py", line 65, in _view_wrapper
    return view_func(request, *args, **kwargs)
           ^^^^^^^^^^^^^^^^^^^^^^^^^^^^^^^^^^^
  File "/home/sasha/PycharmProjects/tiff_django/files/views/create_banner.py", line 29, in submit_banner_order
    print(request.POST.clen_data)
          ^^^^^^^^^^^^^^^^^^^^^^
AttributeError: 'QueryDict' object has no attribute 'clen_data'
2026-03-22 17:30:08,027 django.utils.autoreload INFO     /home/sasha/PycharmProjects/tiff_django/files/views/create_banner.py changed, reloading.
2026-03-22 17:30:09,048 django.utils.autoreload INFO     Watching for file changes with StatReloader
2026-03-22 17:30:16,915 django.request ERROR    Internal Server Error: /files/submit-banner-order/
2026-03-22 17:41:01,656 django.utils.autoreload INFO     /home/sasha/PycharmProjects/tiff_django/files/views/create_banner.py changed, reloading.
2026-03-22 17:41:02,698 django.utils.autoreload INFO     Watching for file changes with StatReloader
2026-03-22 17:42:20,752 django.utils.autoreload INFO     /home/sasha/PycharmProjects/tiff_django/files/views/create_banner.py changed, reloading.
2026-03-22 17:42:21,733 django.utils.autoreload INFO     Watching for file changes with StatReloader
2026-03-22 17:42:25,780 django.request ERROR    Internal Server Error: /files/submit-banner-order/
2026-03-22 17:43:48,255 django.utils.autoreload INFO     /home/sasha/PycharmProjects/tiff_django/files/views/create_banner.py changed, reloading.
2026-03-22 17:43:49,287 django.utils.autoreload INFO     Watching for file changes with StatReloader
2026-03-22 17:43:55,271 django.request ERROR    Internal Server Error: /files/submit-banner-order/
2026-03-22 18:41:28,899 django.utils.autoreload INFO     Watching for file changes with StatReloader
2026-03-22 18:41:51,235 profiles.views INFO     Orders:  <QuerySet [<Order: Заказ № 6>, <Order: Заказ № 5>, <Order: Заказ № 4>, <Order: Заказ № 3>, <Order: Заказ № 2>]>
2026-03-22 18:41:51,236 profiles.views INFO     page_NUM: 1
2026-03-22 18:41:51,237 profiles.views INFO     page_NUM: <Page 1 of 3>
2026-03-22 18:50:07,108 django.utils.autoreload INFO     /home/sasha/PycharmProjects/tiff_django/files/views/create_banner.py changed, reloading.
2026-03-22 18:50:08,255 django.utils.autoreload INFO     Watching for file changes with StatReloader
2026-03-22 18:52:17,293 django.utils.autoreload INFO     /home/sasha/PycharmProjects/tiff_django/files/views/create_banner.py changed, reloading.
2026-03-22 18:52:18,354 django.utils.autoreload INFO     Watching for file changes with StatReloader
2026-03-22 18:57:29,471 django.utils.autoreload INFO     /home/sasha/PycharmProjects/tiff_django/files/views/create_banner.py changed, reloading.
2026-03-22 18:57:30,449 django.utils.autoreload INFO     Watching for file changes with StatReloader
2026-03-22 18:57:37,369 django.request ERROR    Internal Server Error: /files/submit-banner-order/
2026-03-22 19:01:56,620 django.utils.autoreload INFO     Watching for file changes with StatReloader
2026-03-22 19:02:02,441 django.request ERROR    Internal Server Error: /files/submit-banner-order/
2026-03-22 19:03:08,061 django.utils.autoreload INFO     /home/sasha/PycharmProjects/tiff_django/files/views/create_banner.py changed, reloading.
2026-03-22 19:03:09,270 django.utils.autoreload INFO     Watching for file changes with StatReloader
2026-03-22 19:03:12,270 django.request ERROR    Internal Server Error: /files/submit-banner-order/
2026-03-22 19:03:38,034 django.request ERROR    Internal Server Error: /files/submit-banner-order/
2026-03-22 19:04:20,263 django.utils.autoreload INFO     /home/sasha/PycharmProjects/tiff_django/files/views/create_banner.py changed, reloading.
2026-03-22 19:04:21,468 django.utils.autoreload INFO     Watching for file changes with StatReloader
2026-03-22 19:04:25,563 django.request ERROR    Internal Server Error: /files/submit-banner-order/
2026-03-22 19:10:26,286 django.utils.autoreload INFO     /home/sasha/PycharmProjects/tiff_django/files/views/create_banner.py changed, reloading.
2026-03-22 19:10:27,556 django.utils.autoreload INFO     Watching for file changes with StatReloader
2026-03-22 19:10:30,702 django.request ERROR    Internal Server Error: /files/submit-banner-order/
2026-03-22 19:11:19,486 django.utils.autoreload INFO     /home/sasha/PycharmProjects/tiff_django/files/views/create_banner.py changed, reloading.
2026-03-22 19:11:20,505 django.utils.autoreload INFO     Watching for file changes with StatReloader
2026-03-22 19:11:27,227 django.utils.autoreload INFO     Watching for file changes with StatReloader
2026-03-22 19:11:29,709 django.request ERROR    Internal Server Error: /files/submit-banner-order/
2026-03-22 19:12:39,088 django.utils.autoreload INFO     /home/sasha/PycharmProjects/tiff_django/files/views/create_banner.py changed, reloading.
2026-03-22 19:12:40,107 django.utils.autoreload INFO     Watching for file changes with StatReloader
2026-03-22 19:12:43,396 django.request ERROR    Internal Server Error: /files/submit-banner-order/
2026-03-22 19:14:30,759 django.utils.autoreload INFO     /home/sasha/PycharmProjects/tiff_django/files/views/create_banner.py changed, reloading.
2026-03-22 19:14:31,906 django.utils.autoreload INFO     Watching for file changes with StatReloader
2026-03-22 19:14:34,021 django.request ERROR    Internal Server Error: /files/submit-banner-order/
2026-03-22 19:16:46,155 django.utils.autoreload INFO     /home/sasha/PycharmProjects/tiff_django/files/views/create_banner.py changed, reloading.
2026-03-22 19:16:47,166 django.utils.autoreload INFO     Watching for file changes with StatReloader
2026-03-22 19:16:49,531 django.request ERROR    Internal Server Error: /files/submit-banner-order/
2026-03-22 19:17:25,323 django.utils.autoreload INFO     /home/sasha/PycharmProjects/tiff_django/files/views/create_banner.py changed, reloading.
2026-03-22 19:17:26,404 django.utils.autoreload INFO     Watching for file changes with StatReloader
2026-03-22 19:17:36,000 django.request ERROR    Internal Server Error: /files/submit-banner-order/
2026-03-22 19:18:20,048 django.utils.autoreload INFO     /home/sasha/PycharmProjects/tiff_django/files/views/create_banner.py changed, reloading.
2026-03-22 19:18:21,275 django.utils.autoreload INFO     Watching for file changes with StatReloader
2026-03-22 19:20:07,332 django.utils.autoreload INFO     /home/sasha/PycharmProjects/tiff_django/files/views/create_banner.py changed, reloading.
2026-03-22 19:20:08,531 django.utils.autoreload INFO     Watching for file changes with StatReloader
2026-03-22 19:23:15,413 django.utils.autoreload INFO     /home/sasha/PycharmProjects/tiff_django/files/models.py changed, reloading.
2026-03-22 19:23:16,763 django.utils.autoreload INFO     Watching for file changes with StatReloader
2026-03-22 19:28:41,933 django.utils.autoreload INFO     Watching for file changes with StatReloader
2026-03-22 19:28:53,892 django.request ERROR    Internal Server Error: /files/submit-banner-order/
2026-03-22 19:45:10,407 django.utils.autoreload INFO     /home/sasha/PycharmProjects/tiff_django/files/views/create_banner.py changed, reloading.
2026-03-22 19:45:11,741 django.utils.autoreload INFO     Watching for file changes with StatReloader
2026-03-22 19:45:22,979 django.request ERROR    Internal Server Error: /files/submit-banner-order/
2026-03-22 19:46:36,600 django.utils.autoreload INFO     /home/sasha/PycharmProjects/tiff_django/files/views/create_banner.py changed, reloading.
2026-03-22 19:46:37,640 django.utils.autoreload INFO     Watching for file changes with StatReloader
2026-03-22 20:19:03,605 django.utils.autoreload INFO     Watching for file changes with StatReloader
2026-03-22 20:19:11,749 profiles.views INFO     Orders:  <QuerySet [<Order: Заказ № 6>, <Order: Заказ № 5>, <Order: Заказ № 4>, <Order: Заказ № 3>, <Order: Заказ № 2>]>
2026-03-22 20:19:11,749 profiles.views INFO     page_NUM: 1
2026-03-22 20:19:11,750 profiles.views INFO     page_NUM: <Page 1 of 3>
2026-03-22 20:19:53,386 root         INFO     [INFO]. self.length:0.4 TYPE<class 'float'>
Width: 3.4 TYPE <class 'float'>
 Quantity: 1 TYPE <class 'int'>
Value_finishing_price: None TYPE <class 'NoneType'>
self.finishing:Резка в размер (обрезка полей по краю изображения) TYPE <class 'files.models.FinishWork'>
self.material: Бумага BlueBack 115 гр (1,27; 1,5 м) Интерьерная печать TYPE<class 'files.models.Material'>
SELF.USER: CUSTOMER_RETAIL: TYPE <class 'str'> 
2026-03-22 20:19:53,386 files.tiff_file INFO     CHECK ROLE -> USER IS ROLE: CUSTOMER_RETAIL, TYPE <class 'str'>
2026-03-22 20:19:53,386 files.tiff_file INFO     CHECK ROLE -> USER IS USER: CUSTOMER_RETAIL, TYPE <class 'str'>
2026-03-22 20:20:59,896 django.request ERROR    Internal Server Error: /files/submit-banner-order/
2026-03-22 20:22:14,099 django.utils.autoreload INFO     /home/sasha/PycharmProjects/tiff_django/files/views/create_banner.py changed, reloading.
2026-03-22 20:22:15,170 django.utils.autoreload INFO     Watching for file changes with StatReloader
2026-03-22 21:12:40,816 django.utils.autoreload INFO     Watching for file changes with StatReloader
2026-03-22 21:12:56,497 profiles.views INFO     Orders:  <QuerySet []>
2026-03-22 21:12:56,497 profiles.views INFO     page_NUM: 1
2026-03-22 21:12:56,505 profiles.views INFO     page_NUM: <Page 1 of 1>
2026-03-22 21:13:09,459 django.request ERROR    Internal Server Error: /files/submit-banner-order/
2026-03-22 21:16:31,584 django.utils.autoreload INFO     /home/sasha/PycharmProjects/tiff_django/files/views/create_banner.py changed, reloading.
2026-03-22 21:16:32,802 django.utils.autoreload INFO     Watching for file changes with StatReloader
2026-03-22 21:16:37,954 django.request ERROR    Internal Server Error: /files/submit-banner-order/
2026-03-22 21:16:58,319 django.utils.autoreload INFO     /home/sasha/PycharmProjects/tiff_django/files/views/create_banner.py changed, reloading.
2026-03-22 21:16:59,608 django.utils.autoreload INFO     Watching for file changes with StatReloader
2026-03-22 21:18:30,657 django.utils.autoreload INFO     /home/sasha/PycharmProjects/tiff_django/files/views/create_banner.py changed, reloading.
2026-03-22 21:18:31,942 django.utils.autoreload INFO     Watching for file changes with StatReloader
2026-03-22 21:19:31,483 django.utils.autoreload INFO     /home/sasha/PycharmProjects/tiff_django/files/views/create_banner.py changed, reloading.
2026-03-22 21:19:32,608 django.utils.autoreload INFO     Watching for file changes with StatReloader
2026-03-22 21:19:53,449 django.utils.autoreload INFO     /home/sasha/PycharmProjects/tiff_django/files/views/create_banner.py changed, reloading.
2026-03-22 21:19:54,830 django.utils.autoreload INFO     Watching for file changes with StatReloader
2026-03-22 21:21:50,291 django.utils.autoreload INFO     /home/sasha/PycharmProjects/tiff_django/files/views/create_banner.py changed, reloading.
2026-03-22 21:21:51,386 django.utils.autoreload INFO     Watching for file changes with StatReloader
2026-03-22 21:24:21,769 django.utils.autoreload INFO     /home/sasha/PycharmProjects/tiff_django/files/views/create_banner.py changed, reloading.
2026-03-22 21:24:22,845 django.utils.autoreload INFO     Watching for file changes with StatReloader
2026-03-22 21:28:34,817 django.utils.autoreload INFO     Watching for file changes with StatReloader
2026-03-22 21:30:11,197 django.utils.autoreload INFO     /home/sasha/PycharmProjects/tiff_django/files/views/create_banner.py changed, reloading.
2026-03-22 21:30:12,809 django.utils.autoreload INFO     Watching for file changes with StatReloader
2026-03-22 21:32:01,802 django.utils.autoreload INFO     /home/sasha/PycharmProjects/tiff_django/files/works_with_files/image_tiff_file.py changed, reloading.
2026-03-22 21:32:02,846 django.utils.autoreload INFO     Watching for file changes with StatReloader
2026-03-22 21:39:21,989 django.request ERROR    Internal Server Error: /files/create_banner/
Traceback (most recent call last):
  File "/home/sasha/PycharmProjects/tiff_django/.venv/lib/python3.11/site-packages/django/core/handlers/exception.py", line 55, in inner
    response = get_response(request)
               ^^^^^^^^^^^^^^^^^^^^^
  File "/home/sasha/PycharmProjects/tiff_django/.venv/lib/python3.11/site-packages/django/core/handlers/base.py", line 197, in _get_response
    response = wrapped_callback(request, *callback_args, **callback_kwargs)
               ^^^^^^^^^^^^^^^^^^^^^^^^^^^^^^^^^^^^^^^^^^^^^^^^^^^^^^^^^^^^
  File "/home/sasha/PycharmProjects/tiff_django/.venv/lib/python3.11/site-packages/django/views/generic/base.py", line 105, in view
    return self.dispatch(request, *args, **kwargs)
           ^^^^^^^^^^^^^^^^^^^^^^^^^^^^^^^^^^^^^^^
  File "/home/sasha/PycharmProjects/tiff_django/.venv/lib/python3.11/site-packages/django/views/generic/base.py", line 144, in dispatch
    return handler(request, *args, **kwargs)
           ^^^^^^^^^^^^^^^^^^^^^^^^^^^^^^^^^
  File "/home/sasha/PycharmProjects/tiff_django/files/views/create_banner.py", line 23, in get
    return render(request, 'files/create_banner.html', context)
           ^^^^^^^^^^^^^^^^^^^^^^^^^^^^^^^^^^^^^^^^^^^^^^^^^^^^
  File "/home/sasha/PycharmProjects/tiff_django/.venv/lib/python3.11/site-packages/django/shortcuts.py", line 25, in render
    content = loader.render_to_string(template_name, context, request, using=using)
              ^^^^^^^^^^^^^^^^^^^^^^^^^^^^^^^^^^^^^^^^^^^^^^^^^^^^^^^^^^^^^^^^^^^^^
  File "/home/sasha/PycharmProjects/tiff_django/.venv/lib/python3.11/site-packages/django/template/loader.py", line 61, in render_to_string
    template = get_template(template_name, using=using)
               ^^^^^^^^^^^^^^^^^^^^^^^^^^^^^^^^^^^^^^^^
  File "/home/sasha/PycharmProjects/tiff_django/.venv/lib/python3.11/site-packages/django/template/loader.py", line 15, in get_template
    return engine.get_template(template_name)
           ^^^^^^^^^^^^^^^^^^^^^^^^^^^^^^^^^^
  File "/home/sasha/PycharmProjects/tiff_django/.venv/lib/python3.11/site-packages/django/template/backends/django.py", line 79, in get_template
    return Template(self.engine.get_template(template_name), self)
                    ^^^^^^^^^^^^^^^^^^^^^^^^^^^^^^^^^^^^^^^
  File "/home/sasha/PycharmProjects/tiff_django/.venv/lib/python3.11/site-packages/django/template/engine.py", line 177, in get_template
    template, origin = self.find_template(template_name)
                       ^^^^^^^^^^^^^^^^^^^^^^^^^^^^^^^^^
  File "/home/sasha/PycharmProjects/tiff_django/.venv/lib/python3.11/site-packages/django/template/engine.py", line 159, in find_template
    template = loader.get_template(name, skip=skip)
               ^^^^^^^^^^^^^^^^^^^^^^^^^^^^^^^^^^^^
  File "/home/sasha/PycharmProjects/tiff_django/.venv/lib/python3.11/site-packages/django/template/loaders/cached.py", line 57, in get_template
    template = super().get_template(template_name, skip)
               ^^^^^^^^^^^^^^^^^^^^^^^^^^^^^^^^^^^^^^^^^
  File "/home/sasha/PycharmProjects/tiff_django/.venv/lib/python3.11/site-packages/django/template/loaders/base.py", line 28, in get_template
    return Template(
           ^^^^^^^^^
  File "/home/sasha/PycharmProjects/tiff_django/.venv/lib/python3.11/site-packages/django/template/base.py", line 155, in __init__
    self.nodelist = self.compile_nodelist()
                    ^^^^^^^^^^^^^^^^^^^^^^^
  File "/home/sasha/PycharmProjects/tiff_django/.venv/lib/python3.11/site-packages/django/template/base.py", line 197, in compile_nodelist
    nodelist = parser.parse()
               ^^^^^^^^^^^^^^
  File "/home/sasha/PycharmProjects/tiff_django/.venv/lib/python3.11/site-packages/django/template/base.py", line 519, in parse
    raise self.error(token, e)
  File "/home/sasha/PycharmProjects/tiff_django/.venv/lib/python3.11/site-packages/django/template/base.py", line 517, in parse
    compiled_result = compile_func(self, token)
                      ^^^^^^^^^^^^^^^^^^^^^^^^^
  File "/home/sasha/PycharmProjects/tiff_django/.venv/lib/python3.11/site-packages/django/template/loader_tags.py", line 299, in do_extends
    nodelist = parser.parse()
               ^^^^^^^^^^^^^^
  File "/home/sasha/PycharmProjects/tiff_django/.venv/lib/python3.11/site-packages/django/template/base.py", line 519, in parse
    raise self.error(token, e)
  File "/home/sasha/PycharmProjects/tiff_django/.venv/lib/python3.11/site-packages/django/template/base.py", line 517, in parse
    compiled_result = compile_func(self, token)
                      ^^^^^^^^^^^^^^^^^^^^^^^^^
  File "/home/sasha/PycharmProjects/tiff_django/.venv/lib/python3.11/site-packages/django/template/loader_tags.py", line 234, in do_block
    nodelist = parser.parse(("endblock",))
               ^^^^^^^^^^^^^^^^^^^^^^^^^^^
  File "/home/sasha/PycharmProjects/tiff_django/.venv/lib/python3.11/site-packages/django/template/base.py", line 519, in parse
    raise self.error(token, e)
  File "/home/sasha/PycharmProjects/tiff_django/.venv/lib/python3.11/site-packages/django/template/base.py", line 517, in parse
    compiled_result = compile_func(self, token)
                      ^^^^^^^^^^^^^^^^^^^^^^^^^
  File "/home/sasha/PycharmProjects/tiff_django/.venv/lib/python3.11/site-packages/django/template/loader_tags.py", line 299, in do_extends
    nodelist = parser.parse()
               ^^^^^^^^^^^^^^
  File "/home/sasha/PycharmProjects/tiff_django/.venv/lib/python3.11/site-packages/django/template/base.py", line 519, in parse
    raise self.error(token, e)
  File "/home/sasha/PycharmProjects/tiff_django/.venv/lib/python3.11/site-packages/django/template/base.py", line 517, in parse
    compiled_result = compile_func(self, token)
                      ^^^^^^^^^^^^^^^^^^^^^^^^^
  File "/home/sasha/PycharmProjects/tiff_django/.venv/lib/python3.11/site-packages/django/template/loader_tags.py", line 228, in do_block
    raise TemplateSyntaxError(
django.template.exceptions.TemplateSyntaxError: 'block' tag with name 'content' appears more than once
2026-03-22 21:39:50,007 django.request ERROR    Internal Server Error: /files/create_banner/
Traceback (most recent call last):
  File "/home/sasha/PycharmProjects/tiff_django/.venv/lib/python3.11/site-packages/django/template/base.py", line 511, in parse
    compile_func = self.tags[command]
                   ~~~~~~~~~^^^^^^^^^
KeyError: 'endblock'

During handling of the above exception, another exception occurred:

Traceback (most recent call last):
  File "/home/sasha/PycharmProjects/tiff_django/.venv/lib/python3.11/site-packages/django/core/handlers/exception.py", line 55, in inner
    response = get_response(request)
               ^^^^^^^^^^^^^^^^^^^^^
  File "/home/sasha/PycharmProjects/tiff_django/.venv/lib/python3.11/site-packages/django/core/handlers/base.py", line 197, in _get_response
    response = wrapped_callback(request, *callback_args, **callback_kwargs)
               ^^^^^^^^^^^^^^^^^^^^^^^^^^^^^^^^^^^^^^^^^^^^^^^^^^^^^^^^^^^^
  File "/home/sasha/PycharmProjects/tiff_django/.venv/lib/python3.11/site-packages/django/views/generic/base.py", line 105, in view
    return self.dispatch(request, *args, **kwargs)
           ^^^^^^^^^^^^^^^^^^^^^^^^^^^^^^^^^^^^^^^
  File "/home/sasha/PycharmProjects/tiff_django/.venv/lib/python3.11/site-packages/django/views/generic/base.py", line 144, in dispatch
    return handler(request, *args, **kwargs)
           ^^^^^^^^^^^^^^^^^^^^^^^^^^^^^^^^^
  File "/home/sasha/PycharmProjects/tiff_django/files/views/create_banner.py", line 23, in get
    return render(request, 'files/create_banner.html', context)
           ^^^^^^^^^^^^^^^^^^^^^^^^^^^^^^^^^^^^^^^^^^^^^^^^^^^^
  File "/home/sasha/PycharmProjects/tiff_django/.venv/lib/python3.11/site-packages/django/shortcuts.py", line 25, in render
    content = loader.render_to_string(template_name, context, request, using=using)
              ^^^^^^^^^^^^^^^^^^^^^^^^^^^^^^^^^^^^^^^^^^^^^^^^^^^^^^^^^^^^^^^^^^^^^
  File "/home/sasha/PycharmProjects/tiff_django/.venv/lib/python3.11/site-packages/django/template/loader.py", line 61, in render_to_string
    template = get_template(template_name, using=using)
               ^^^^^^^^^^^^^^^^^^^^^^^^^^^^^^^^^^^^^^^^
  File "/home/sasha/PycharmProjects/tiff_django/.venv/lib/python3.11/site-packages/django/template/loader.py", line 15, in get_template
    return engine.get_template(template_name)
           ^^^^^^^^^^^^^^^^^^^^^^^^^^^^^^^^^^
  File "/home/sasha/PycharmProjects/tiff_django/.venv/lib/python3.11/site-packages/django/template/backends/django.py", line 79, in get_template
    return Template(self.engine.get_template(template_name), self)
                    ^^^^^^^^^^^^^^^^^^^^^^^^^^^^^^^^^^^^^^^
  File "/home/sasha/PycharmProjects/tiff_django/.venv/lib/python3.11/site-packages/django/template/engine.py", line 177, in get_template
    template, origin = self.find_template(template_name)
                       ^^^^^^^^^^^^^^^^^^^^^^^^^^^^^^^^^
  File "/home/sasha/PycharmProjects/tiff_django/.venv/lib/python3.11/site-packages/django/template/engine.py", line 159, in find_template
    template = loader.get_template(name, skip=skip)
               ^^^^^^^^^^^^^^^^^^^^^^^^^^^^^^^^^^^^
  File "/home/sasha/PycharmProjects/tiff_django/.venv/lib/python3.11/site-packages/django/template/loaders/cached.py", line 57, in get_template
    template = super().get_template(template_name, skip)
               ^^^^^^^^^^^^^^^^^^^^^^^^^^^^^^^^^^^^^^^^^
  File "/home/sasha/PycharmProjects/tiff_django/.venv/lib/python3.11/site-packages/django/template/loaders/base.py", line 28, in get_template
    return Template(
           ^^^^^^^^^
  File "/home/sasha/PycharmProjects/tiff_django/.venv/lib/python3.11/site-packages/django/template/base.py", line 155, in __init__
    self.nodelist = self.compile_nodelist()
                    ^^^^^^^^^^^^^^^^^^^^^^^
  File "/home/sasha/PycharmProjects/tiff_django/.venv/lib/python3.11/site-packages/django/template/base.py", line 197, in compile_nodelist
    nodelist = parser.parse()
               ^^^^^^^^^^^^^^
  File "/home/sasha/PycharmProjects/tiff_django/.venv/lib/python3.11/site-packages/django/template/base.py", line 519, in parse
    raise self.error(token, e)
  File "/home/sasha/PycharmProjects/tiff_django/.venv/lib/python3.11/site-packages/django/template/base.py", line 517, in parse
    compiled_result = compile_func(self, token)
                      ^^^^^^^^^^^^^^^^^^^^^^^^^
  File "/home/sasha/PycharmProjects/tiff_django/.venv/lib/python3.11/site-packages/django/template/loader_tags.py", line 299, in do_extends
    nodelist = parser.parse()
               ^^^^^^^^^^^^^^
  File "/home/sasha/PycharmProjects/tiff_django/.venv/lib/python3.11/site-packages/django/template/base.py", line 513, in parse
    self.invalid_block_tag(token, command, parse_until)
  File "/home/sasha/PycharmProjects/tiff_django/.venv/lib/python3.11/site-packages/django/template/base.py", line 578, in invalid_block_tag
    raise self.error(
django.template.exceptions.TemplateSyntaxError: Invalid block tag on line 1467: 'endblock'. Did you forget to register or load this tag?
2026-03-22 21:40:33,270 django.request ERROR    Internal Server Error: /files/create_banner/
Traceback (most recent call last):
  File "/home/sasha/PycharmProjects/tiff_django/.venv/lib/python3.11/site-packages/django/core/handlers/exception.py", line 55, in inner
    response = get_response(request)
               ^^^^^^^^^^^^^^^^^^^^^
  File "/home/sasha/PycharmProjects/tiff_django/.venv/lib/python3.11/site-packages/django/core/handlers/base.py", line 197, in _get_response
    response = wrapped_callback(request, *callback_args, **callback_kwargs)
               ^^^^^^^^^^^^^^^^^^^^^^^^^^^^^^^^^^^^^^^^^^^^^^^^^^^^^^^^^^^^
  File "/home/sasha/PycharmProjects/tiff_django/.venv/lib/python3.11/site-packages/django/views/generic/base.py", line 105, in view
    return self.dispatch(request, *args, **kwargs)
           ^^^^^^^^^^^^^^^^^^^^^^^^^^^^^^^^^^^^^^^
  File "/home/sasha/PycharmProjects/tiff_django/.venv/lib/python3.11/site-packages/django/views/generic/base.py", line 144, in dispatch
    return handler(request, *args, **kwargs)
           ^^^^^^^^^^^^^^^^^^^^^^^^^^^^^^^^^
  File "/home/sasha/PycharmProjects/tiff_django/files/views/create_banner.py", line 23, in get
    return render(request, 'files/create_banner.html', context)
           ^^^^^^^^^^^^^^^^^^^^^^^^^^^^^^^^^^^^^^^^^^^^^^^^^^^^
  File "/home/sasha/PycharmProjects/tiff_django/.venv/lib/python3.11/site-packages/django/shortcuts.py", line 25, in render
    content = loader.render_to_string(template_name, context, request, using=using)
              ^^^^^^^^^^^^^^^^^^^^^^^^^^^^^^^^^^^^^^^^^^^^^^^^^^^^^^^^^^^^^^^^^^^^^
  File "/home/sasha/PycharmProjects/tiff_django/.venv/lib/python3.11/site-packages/django/template/loader.py", line 62, in render_to_string
    return template.render(context, request)
           ^^^^^^^^^^^^^^^^^^^^^^^^^^^^^^^^^
  File "/home/sasha/PycharmProjects/tiff_django/.venv/lib/python3.11/site-packages/django/template/backends/django.py", line 107, in render
    return self.template.render(context)
           ^^^^^^^^^^^^^^^^^^^^^^^^^^^^^
  File "/home/sasha/PycharmProjects/tiff_django/.venv/lib/python3.11/site-packages/django/template/base.py", line 172, in render
    return self._render(context)
           ^^^^^^^^^^^^^^^^^^^^^
  File "/home/sasha/PycharmProjects/tiff_django/.venv/lib/python3.11/site-packages/django/template/base.py", line 164, in _render
    return self.nodelist.render(context)
           ^^^^^^^^^^^^^^^^^^^^^^^^^^^^^
  File "/home/sasha/PycharmProjects/tiff_django/.venv/lib/python3.11/site-packages/django/template/base.py", line 1018, in render
    return SafeString("".join([node.render_annotated(context) for node in self]))
                              ^^^^^^^^^^^^^^^^^^^^^^^^^^^^^^^^^^^^^^^^^^^^^^^^^
  File "/home/sasha/PycharmProjects/tiff_django/.venv/lib/python3.11/site-packages/django/template/base.py", line 1018, in <listcomp>
    return SafeString("".join([node.render_annotated(context) for node in self]))
                               ^^^^^^^^^^^^^^^^^^^^^^^^^^^^^^
  File "/home/sasha/PycharmProjects/tiff_django/.venv/lib/python3.11/site-packages/django/template/base.py", line 979, in render_annotated
    return self.render(context)
           ^^^^^^^^^^^^^^^^^^^^
  File "/home/sasha/PycharmProjects/tiff_django/.venv/lib/python3.11/site-packages/django/template/loader_tags.py", line 159, in render
    return compiled_parent._render(context)
           ^^^^^^^^^^^^^^^^^^^^^^^^^^^^^^^^
  File "/home/sasha/PycharmProjects/tiff_django/.venv/lib/python3.11/site-packages/django/template/base.py", line 164, in _render
    return self.nodelist.render(context)
           ^^^^^^^^^^^^^^^^^^^^^^^^^^^^^
  File "/home/sasha/PycharmProjects/tiff_django/.venv/lib/python3.11/site-packages/django/template/base.py", line 1018, in render
    return SafeString("".join([node.render_annotated(context) for node in self]))
                              ^^^^^^^^^^^^^^^^^^^^^^^^^^^^^^^^^^^^^^^^^^^^^^^^^
  File "/home/sasha/PycharmProjects/tiff_django/.venv/lib/python3.11/site-packages/django/template/base.py", line 1018, in <listcomp>
    return SafeString("".join([node.render_annotated(context) for node in self]))
                               ^^^^^^^^^^^^^^^^^^^^^^^^^^^^^^
  File "/home/sasha/PycharmProjects/tiff_django/.venv/lib/python3.11/site-packages/django/template/base.py", line 979, in render_annotated
    return self.render(context)
           ^^^^^^^^^^^^^^^^^^^^
  File "/home/sasha/PycharmProjects/tiff_django/.venv/lib/python3.11/site-packages/django/template/loader_tags.py", line 65, in render
    result = block.nodelist.render(context)
             ^^^^^^^^^^^^^^^^^^^^^^^^^^^^^^
  File "/home/sasha/PycharmProjects/tiff_django/.venv/lib/python3.11/site-packages/django/template/base.py", line 1018, in render
    return SafeString("".join([node.render_annotated(context) for node in self]))
                              ^^^^^^^^^^^^^^^^^^^^^^^^^^^^^^^^^^^^^^^^^^^^^^^^^
  File "/home/sasha/PycharmProjects/tiff_django/.venv/lib/python3.11/site-packages/django/template/base.py", line 1018, in <listcomp>
    return SafeString("".join([node.render_annotated(context) for node in self]))
                               ^^^^^^^^^^^^^^^^^^^^^^^^^^^^^^
  File "/home/sasha/PycharmProjects/tiff_django/.venv/lib/python3.11/site-packages/django/template/base.py", line 979, in render_annotated
    return self.render(context)
           ^^^^^^^^^^^^^^^^^^^^
  File "/home/sasha/PycharmProjects/tiff_django/.venv/lib/python3.11/site-packages/django/template/defaulttags.py", line 480, in render
    url = reverse(view_name, args=args, kwargs=kwargs, current_app=current_app)
          ^^^^^^^^^^^^^^^^^^^^^^^^^^^^^^^^^^^^^^^^^^^^^^^^^^^^^^^^^^^^^^^^^^^^^
  File "/home/sasha/PycharmProjects/tiff_django/.venv/lib/python3.11/site-packages/django/urls/base.py", line 98, in reverse
    resolved_url = resolver._reverse_with_prefix(view, prefix, *args, **kwargs)
                   ^^^^^^^^^^^^^^^^^^^^^^^^^^^^^^^^^^^^^^^^^^^^^^^^^^^^^^^^^^^^
  File "/home/sasha/PycharmProjects/tiff_django/.venv/lib/python3.11/site-packages/django/urls/resolvers.py", line 831, in _reverse_with_prefix
    raise NoReverseMatch(msg)
django.urls.exceptions.NoReverseMatch: Reverse for 'convert_to_tiff' not found. 'convert_to_tiff' is not a valid view function or pattern name.
2026-03-22 21:41:06,295 django.request ERROR    Internal Server Error: /files/create_banner/
Traceback (most recent call last):
  File "/home/sasha/PycharmProjects/tiff_django/.venv/lib/python3.11/site-packages/django/core/handlers/exception.py", line 55, in inner
    response = get_response(request)
               ^^^^^^^^^^^^^^^^^^^^^
  File "/home/sasha/PycharmProjects/tiff_django/.venv/lib/python3.11/site-packages/django/core/handlers/base.py", line 197, in _get_response
    response = wrapped_callback(request, *callback_args, **callback_kwargs)
               ^^^^^^^^^^^^^^^^^^^^^^^^^^^^^^^^^^^^^^^^^^^^^^^^^^^^^^^^^^^^
  File "/home/sasha/PycharmProjects/tiff_django/.venv/lib/python3.11/site-packages/django/views/generic/base.py", line 105, in view
    return self.dispatch(request, *args, **kwargs)
           ^^^^^^^^^^^^^^^^^^^^^^^^^^^^^^^^^^^^^^^
  File "/home/sasha/PycharmProjects/tiff_django/.venv/lib/python3.11/site-packages/django/views/generic/base.py", line 144, in dispatch
    return handler(request, *args, **kwargs)
           ^^^^^^^^^^^^^^^^^^^^^^^^^^^^^^^^^
  File "/home/sasha/PycharmProjects/tiff_django/files/views/create_banner.py", line 23, in get
    return render(request, 'files/create_banner.html', context)
           ^^^^^^^^^^^^^^^^^^^^^^^^^^^^^^^^^^^^^^^^^^^^^^^^^^^^
  File "/home/sasha/PycharmProjects/tiff_django/.venv/lib/python3.11/site-packages/django/shortcuts.py", line 25, in render
    content = loader.render_to_string(template_name, context, request, using=using)
              ^^^^^^^^^^^^^^^^^^^^^^^^^^^^^^^^^^^^^^^^^^^^^^^^^^^^^^^^^^^^^^^^^^^^^
  File "/home/sasha/PycharmProjects/tiff_django/.venv/lib/python3.11/site-packages/django/template/loader.py", line 62, in render_to_string
    return template.render(context, request)
           ^^^^^^^^^^^^^^^^^^^^^^^^^^^^^^^^^
  File "/home/sasha/PycharmProjects/tiff_django/.venv/lib/python3.11/site-packages/django/template/backends/django.py", line 107, in render
    return self.template.render(context)
           ^^^^^^^^^^^^^^^^^^^^^^^^^^^^^
  File "/home/sasha/PycharmProjects/tiff_django/.venv/lib/python3.11/site-packages/django/template/base.py", line 172, in render
    return self._render(context)
           ^^^^^^^^^^^^^^^^^^^^^
  File "/home/sasha/PycharmProjects/tiff_django/.venv/lib/python3.11/site-packages/django/template/base.py", line 164, in _render
    return self.nodelist.render(context)
           ^^^^^^^^^^^^^^^^^^^^^^^^^^^^^
  File "/home/sasha/PycharmProjects/tiff_django/.venv/lib/python3.11/site-packages/django/template/base.py", line 1018, in render
    return SafeString("".join([node.render_annotated(context) for node in self]))
                              ^^^^^^^^^^^^^^^^^^^^^^^^^^^^^^^^^^^^^^^^^^^^^^^^^
  File "/home/sasha/PycharmProjects/tiff_django/.venv/lib/python3.11/site-packages/django/template/base.py", line 1018, in <listcomp>
    return SafeString("".join([node.render_annotated(context) for node in self]))
                               ^^^^^^^^^^^^^^^^^^^^^^^^^^^^^^
  File "/home/sasha/PycharmProjects/tiff_django/.venv/lib/python3.11/site-packages/django/template/base.py", line 979, in render_annotated
    return self.render(context)
           ^^^^^^^^^^^^^^^^^^^^
  File "/home/sasha/PycharmProjects/tiff_django/.venv/lib/python3.11/site-packages/django/template/loader_tags.py", line 159, in render
    return compiled_parent._render(context)
           ^^^^^^^^^^^^^^^^^^^^^^^^^^^^^^^^
  File "/home/sasha/PycharmProjects/tiff_django/.venv/lib/python3.11/site-packages/django/template/base.py", line 164, in _render
    return self.nodelist.render(context)
           ^^^^^^^^^^^^^^^^^^^^^^^^^^^^^
  File "/home/sasha/PycharmProjects/tiff_django/.venv/lib/python3.11/site-packages/django/template/base.py", line 1018, in render
    return SafeString("".join([node.render_annotated(context) for node in self]))
                              ^^^^^^^^^^^^^^^^^^^^^^^^^^^^^^^^^^^^^^^^^^^^^^^^^
  File "/home/sasha/PycharmProjects/tiff_django/.venv/lib/python3.11/site-packages/django/template/base.py", line 1018, in <listcomp>
    return SafeString("".join([node.render_annotated(context) for node in self]))
                               ^^^^^^^^^^^^^^^^^^^^^^^^^^^^^^
  File "/home/sasha/PycharmProjects/tiff_django/.venv/lib/python3.11/site-packages/django/template/base.py", line 979, in render_annotated
    return self.render(context)
           ^^^^^^^^^^^^^^^^^^^^
  File "/home/sasha/PycharmProjects/tiff_django/.venv/lib/python3.11/site-packages/django/template/loader_tags.py", line 65, in render
    result = block.nodelist.render(context)
             ^^^^^^^^^^^^^^^^^^^^^^^^^^^^^^
  File "/home/sasha/PycharmProjects/tiff_django/.venv/lib/python3.11/site-packages/django/template/base.py", line 1018, in render
    return SafeString("".join([node.render_annotated(context) for node in self]))
                              ^^^^^^^^^^^^^^^^^^^^^^^^^^^^^^^^^^^^^^^^^^^^^^^^^
  File "/home/sasha/PycharmProjects/tiff_django/.venv/lib/python3.11/site-packages/django/template/base.py", line 1018, in <listcomp>
    return SafeString("".join([node.render_annotated(context) for node in self]))
                               ^^^^^^^^^^^^^^^^^^^^^^^^^^^^^^
  File "/home/sasha/PycharmProjects/tiff_django/.venv/lib/python3.11/site-packages/django/template/base.py", line 979, in render_annotated
    return self.render(context)
           ^^^^^^^^^^^^^^^^^^^^
  File "/home/sasha/PycharmProjects/tiff_django/.venv/lib/python3.11/site-packages/django/template/defaulttags.py", line 480, in render
    url = reverse(view_name, args=args, kwargs=kwargs, current_app=current_app)
          ^^^^^^^^^^^^^^^^^^^^^^^^^^^^^^^^^^^^^^^^^^^^^^^^^^^^^^^^^^^^^^^^^^^^^
  File "/home/sasha/PycharmProjects/tiff_django/.venv/lib/python3.11/site-packages/django/urls/base.py", line 98, in reverse
    resolved_url = resolver._reverse_with_prefix(view, prefix, *args, **kwargs)
                   ^^^^^^^^^^^^^^^^^^^^^^^^^^^^^^^^^^^^^^^^^^^^^^^^^^^^^^^^^^^^
  File "/home/sasha/PycharmProjects/tiff_django/.venv/lib/python3.11/site-packages/django/urls/resolvers.py", line 831, in _reverse_with_prefix
    raise NoReverseMatch(msg)
django.urls.exceptions.NoReverseMatch: Reverse for 'convert_to_tiff' not found. 'convert_to_tiff' is not a valid view function or pattern name.
2026-03-22 21:41:49,303 django.request ERROR    Internal Server Error: /files/create_banner/
Traceback (most recent call last):
  File "/home/sasha/PycharmProjects/tiff_django/.venv/lib/python3.11/site-packages/django/core/handlers/exception.py", line 55, in inner
    response = get_response(request)
               ^^^^^^^^^^^^^^^^^^^^^
  File "/home/sasha/PycharmProjects/tiff_django/.venv/lib/python3.11/site-packages/django/core/handlers/base.py", line 197, in _get_response
    response = wrapped_callback(request, *callback_args, **callback_kwargs)
               ^^^^^^^^^^^^^^^^^^^^^^^^^^^^^^^^^^^^^^^^^^^^^^^^^^^^^^^^^^^^
  File "/home/sasha/PycharmProjects/tiff_django/.venv/lib/python3.11/site-packages/django/views/generic/base.py", line 105, in view
    return self.dispatch(request, *args, **kwargs)
           ^^^^^^^^^^^^^^^^^^^^^^^^^^^^^^^^^^^^^^^
  File "/home/sasha/PycharmProjects/tiff_django/.venv/lib/python3.11/site-packages/django/views/generic/base.py", line 144, in dispatch
    return handler(request, *args, **kwargs)
           ^^^^^^^^^^^^^^^^^^^^^^^^^^^^^^^^^
  File "/home/sasha/PycharmProjects/tiff_django/files/views/create_banner.py", line 23, in get
    return render(request, 'files/create_banner.html', context)
           ^^^^^^^^^^^^^^^^^^^^^^^^^^^^^^^^^^^^^^^^^^^^^^^^^^^^
  File "/home/sasha/PycharmProjects/tiff_django/.venv/lib/python3.11/site-packages/django/shortcuts.py", line 25, in render
    content = loader.render_to_string(template_name, context, request, using=using)
              ^^^^^^^^^^^^^^^^^^^^^^^^^^^^^^^^^^^^^^^^^^^^^^^^^^^^^^^^^^^^^^^^^^^^^
  File "/home/sasha/PycharmProjects/tiff_django/.venv/lib/python3.11/site-packages/django/template/loader.py", line 62, in render_to_string
    return template.render(context, request)
           ^^^^^^^^^^^^^^^^^^^^^^^^^^^^^^^^^
  File "/home/sasha/PycharmProjects/tiff_django/.venv/lib/python3.11/site-packages/django/template/backends/django.py", line 107, in render
    return self.template.render(context)
           ^^^^^^^^^^^^^^^^^^^^^^^^^^^^^
  File "/home/sasha/PycharmProjects/tiff_django/.venv/lib/python3.11/site-packages/django/template/base.py", line 172, in render
    return self._render(context)
           ^^^^^^^^^^^^^^^^^^^^^
  File "/home/sasha/PycharmProjects/tiff_django/.venv/lib/python3.11/site-packages/django/template/base.py", line 164, in _render
    return self.nodelist.render(context)
           ^^^^^^^^^^^^^^^^^^^^^^^^^^^^^
  File "/home/sasha/PycharmProjects/tiff_django/.venv/lib/python3.11/site-packages/django/template/base.py", line 1018, in render
    return SafeString("".join([node.render_annotated(context) for node in self]))
                              ^^^^^^^^^^^^^^^^^^^^^^^^^^^^^^^^^^^^^^^^^^^^^^^^^
  File "/home/sasha/PycharmProjects/tiff_django/.venv/lib/python3.11/site-packages/django/template/base.py", line 1018, in <listcomp>
    return SafeString("".join([node.render_annotated(context) for node in self]))
                               ^^^^^^^^^^^^^^^^^^^^^^^^^^^^^^
  File "/home/sasha/PycharmProjects/tiff_django/.venv/lib/python3.11/site-packages/django/template/base.py", line 979, in render_annotated
    return self.render(context)
           ^^^^^^^^^^^^^^^^^^^^
  File "/home/sasha/PycharmProjects/tiff_django/.venv/lib/python3.11/site-packages/django/template/loader_tags.py", line 159, in render
    return compiled_parent._render(context)
           ^^^^^^^^^^^^^^^^^^^^^^^^^^^^^^^^
  File "/home/sasha/PycharmProjects/tiff_django/.venv/lib/python3.11/site-packages/django/template/base.py", line 164, in _render
    return self.nodelist.render(context)
           ^^^^^^^^^^^^^^^^^^^^^^^^^^^^^
  File "/home/sasha/PycharmProjects/tiff_django/.venv/lib/python3.11/site-packages/django/template/base.py", line 1018, in render
    return SafeString("".join([node.render_annotated(context) for node in self]))
                              ^^^^^^^^^^^^^^^^^^^^^^^^^^^^^^^^^^^^^^^^^^^^^^^^^
  File "/home/sasha/PycharmProjects/tiff_django/.venv/lib/python3.11/site-packages/django/template/base.py", line 1018, in <listcomp>
    return SafeString("".join([node.render_annotated(context) for node in self]))
                               ^^^^^^^^^^^^^^^^^^^^^^^^^^^^^^
  File "/home/sasha/PycharmProjects/tiff_django/.venv/lib/python3.11/site-packages/django/template/base.py", line 979, in render_annotated
    return self.render(context)
           ^^^^^^^^^^^^^^^^^^^^
  File "/home/sasha/PycharmProjects/tiff_django/.venv/lib/python3.11/site-packages/django/template/loader_tags.py", line 65, in render
    result = block.nodelist.render(context)
             ^^^^^^^^^^^^^^^^^^^^^^^^^^^^^^
  File "/home/sasha/PycharmProjects/tiff_django/.venv/lib/python3.11/site-packages/django/template/base.py", line 1018, in render
    return SafeString("".join([node.render_annotated(context) for node in self]))
                              ^^^^^^^^^^^^^^^^^^^^^^^^^^^^^^^^^^^^^^^^^^^^^^^^^
  File "/home/sasha/PycharmProjects/tiff_django/.venv/lib/python3.11/site-packages/django/template/base.py", line 1018, in <listcomp>
    return SafeString("".join([node.render_annotated(context) for node in self]))
                               ^^^^^^^^^^^^^^^^^^^^^^^^^^^^^^
  File "/home/sasha/PycharmProjects/tiff_django/.venv/lib/python3.11/site-packages/django/template/base.py", line 979, in render_annotated
    return self.render(context)
           ^^^^^^^^^^^^^^^^^^^^
  File "/home/sasha/PycharmProjects/tiff_django/.venv/lib/python3.11/site-packages/django/template/defaulttags.py", line 480, in render
    url = reverse(view_name, args=args, kwargs=kwargs, current_app=current_app)
          ^^^^^^^^^^^^^^^^^^^^^^^^^^^^^^^^^^^^^^^^^^^^^^^^^^^^^^^^^^^^^^^^^^^^^
  File "/home/sasha/PycharmProjects/tiff_django/.venv/lib/python3.11/site-packages/django/urls/base.py", line 98, in reverse
    resolved_url = resolver._reverse_with_prefix(view, prefix, *args, **kwargs)
                   ^^^^^^^^^^^^^^^^^^^^^^^^^^^^^^^^^^^^^^^^^^^^^^^^^^^^^^^^^^^^
  File "/home/sasha/PycharmProjects/tiff_django/.venv/lib/python3.11/site-packages/django/urls/resolvers.py", line 831, in _reverse_with_prefix
    raise NoReverseMatch(msg)
django.urls.exceptions.NoReverseMatch: Reverse for 'convert_to_tiff' not found. 'convert_to_tiff' is not a valid view function or pattern name.
2026-03-22 22:12:20,183 django.utils.autoreload INFO     /home/sasha/PycharmProjects/tiff_django/files/works_with_files/image_tiff_file.py changed, reloading.
2026-03-22 22:12:21,260 django.utils.autoreload INFO     Watching for file changes with StatReloader
2026-03-22 22:13:48,579 profiles.views INFO     Orders:  <QuerySet []>
2026-03-22 22:13:48,580 profiles.views INFO     page_NUM: 1
2026-03-22 22:13:48,581 profiles.views INFO     page_NUM: <Page 1 of 1>
2026-03-22 22:13:57,446 files.works_with_files.image_tiff_file INFO     self.resolution120
2026-03-22 22:13:57,448 root         INFO     [INFO]. self.length:0.4 TYPE<class 'float'>
Width: 3.4 TYPE <class 'float'>
 Quantity: 1 TYPE <class 'int'>
Value_finishing_price: None TYPE <class 'NoneType'>
self.finishing:Резка в размер (обрезка полей по краю изображения) TYPE <class 'files.models.FinishWork'>
self.material: Бумага BlueBack 115 гр (1,27; 1,5 м) Интерьерная печать TYPE<class 'files.models.Material'>
SELF.USER: CUSTOMER_RETAIL: TYPE <class 'str'> 
2026-03-22 22:13:57,449 files.tiff_file INFO     CHECK ROLE -> USER IS ROLE: CUSTOMER_RETAIL, TYPE <class 'str'>
2026-03-22 22:13:57,449 files.tiff_file INFO     CHECK ROLE -> USER IS USER: CUSTOMER_RETAIL, TYPE <class 'str'>
2026-03-22 22:20:14,236 django.utils.autoreload INFO     /home/sasha/PycharmProjects/tiff_django/files/works_with_files/image_tiff_file.py changed, reloading.
2026-03-22 22:20:15,367 django.utils.autoreload INFO     Watching for file changes with StatReloader
2026-03-22 22:20:51,068 profiles.views INFO     Orders:  <QuerySet []>
2026-03-22 22:20:51,068 profiles.views INFO     page_NUM: 1
2026-03-22 22:20:51,069 profiles.views INFO     page_NUM: <Page 1 of 1>
2026-03-22 22:20:58,188 files.works_with_files.image_tiff_file INFO     self.resolution120
2026-03-22 22:20:58,188 files.works_with_files.image_tiff_file INFO     [SIZE File] :3.4 m X 0.4 m
2026-03-22 22:20:58,188 files.works_with_files.image_tiff_file INFO     [SIZE File PIXELS] :width: 16063 px, length: 1890 px
2026-03-22 22:20:58,188 files.works_with_files.image_tiff_file INFO     [RESOLUTION] : 120 px
2026-03-22 22:20:58,189 root         INFO     [INFO]. self.length:0.4 TYPE<class 'float'>
Width: 3.4 TYPE <class 'float'>
 Quantity: 1 TYPE <class 'int'>
Value_finishing_price: None TYPE <class 'NoneType'>
self.finishing:Резка в размер (обрезка полей по краю изображения) TYPE <class 'files.models.FinishWork'>
self.material: Бумага BlueBack 115 гр (1,27; 1,5 м) Интерьерная печать TYPE<class 'files.models.Material'>
SELF.USER: CUSTOMER_RETAIL: TYPE <class 'str'> 
2026-03-22 22:20:58,189 files.tiff_file INFO     CHECK ROLE -> USER IS ROLE: CUSTOMER_RETAIL, TYPE <class 'str'>
2026-03-22 22:20:58,190 files.tiff_file INFO     CHECK ROLE -> USER IS USER: CUSTOMER_RETAIL, TYPE <class 'str'>
2026-03-22 22:21:55,555 django.utils.autoreload INFO     /home/sasha/PycharmProjects/tiff_django/files/models.py changed, reloading.
2026-03-22 22:21:56,397 django.utils.autoreload INFO     Watching for file changes with StatReloader
2026-03-22 22:26:52,680 django.utils.autoreload INFO     /home/sasha/PycharmProjects/tiff_django/files/models.py changed, reloading.
2026-03-22 22:26:53,417 django.utils.autoreload INFO     Watching for file changes with StatReloader
2026-03-22 22:28:33,567 django.utils.autoreload INFO     /home/sasha/PycharmProjects/tiff_django/files/models.py changed, reloading.
2026-03-22 22:28:35,001 django.utils.autoreload INFO     Watching for file changes with StatReloader
2026-03-22 22:31:14,589 django.utils.autoreload INFO     /home/sasha/PycharmProjects/tiff_django/files/models.py changed, reloading.
2026-03-22 22:31:16,347 django.utils.autoreload INFO     Watching for file changes with StatReloader
2026-03-22 22:31:21,580 profiles.views INFO     Orders:  <QuerySet []>
2026-03-22 22:31:21,581 profiles.views INFO     page_NUM: 1
2026-03-22 22:31:21,583 profiles.views INFO     page_NUM: <Page 1 of 1>
2026-03-22 22:31:26,861 profiles.views INFO     Orders:  <QuerySet []>
2026-03-22 22:31:26,861 profiles.views INFO     page_NUM: 1
2026-03-22 22:31:26,862 profiles.views INFO     page_NUM: <Page 1 of 1>
2026-03-22 22:31:35,191 files.works_with_files.image_tiff_file INFO     self.resolution120
2026-03-22 22:31:35,194 files.works_with_files.image_tiff_file INFO     [SIZE File] :3.4 m X 0.4 m
2026-03-22 22:31:35,195 files.works_with_files.image_tiff_file INFO     [SIZE File PIXELS] :width: 16063 px, length: 1890 px
2026-03-22 22:31:35,195 files.works_with_files.image_tiff_file INFO     [RESOLUTION] : 120 px
2026-03-22 22:31:35,196 root         INFO     [INFO]. self.length:0.4 TYPE<class 'float'>
Width: 3.4 TYPE <class 'float'>
 Quantity: 1 TYPE <class 'int'>
Value_finishing_price: None TYPE <class 'NoneType'>
self.finishing:Резка в размер (обрезка полей по краю изображения) TYPE <class 'files.models.FinishWork'>
self.material: Бумага BlueBack 115 гр (1,27; 1,5 м) Интерьерная печать TYPE<class 'files.models.Material'>
SELF.USER: CUSTOMER_RETAIL: TYPE <class 'str'> 
2026-03-22 22:31:35,201 files.tiff_file INFO     CHECK ROLE -> USER IS ROLE: CUSTOMER_RETAIL, TYPE <class 'str'>
2026-03-22 22:31:35,201 files.tiff_file INFO     CHECK ROLE -> USER IS USER: CUSTOMER_RETAIL, TYPE <class 'str'>
2026-03-22 22:32:22,984 django.utils.autoreload INFO     /home/sasha/PycharmProjects/tiff_django/files/works_with_files/image_tiff_file.py changed, reloading.
2026-03-22 22:32:24,067 django.utils.autoreload INFO     Watching for file changes with StatReloader
2026-03-22 22:37:11,950 django.utils.autoreload INFO     /home/sasha/PycharmProjects/tiff_django/files/views/create_banner.py changed, reloading.
2026-03-22 22:37:13,247 django.utils.autoreload INFO     Watching for file changes with StatReloader
2026-03-22 22:40:43,531 django.utils.autoreload INFO     /home/sasha/PycharmProjects/tiff_django/files/views/create_banner.py changed, reloading.
2026-03-22 22:40:44,601 django.utils.autoreload INFO     Watching for file changes with StatReloader
2026-03-22 22:42:22,810 django.utils.autoreload INFO     /home/sasha/PycharmProjects/tiff_django/files/models.py changed, reloading.
2026-03-22 22:42:23,970 django.utils.autoreload INFO     Watching for file changes with StatReloader
2026-03-22 22:43:35,704 django.utils.autoreload INFO     /home/sasha/PycharmProjects/tiff_django/files/views/create_banner.py changed, reloading.
2026-03-22 22:43:36,960 django.utils.autoreload INFO     Watching for file changes with StatReloader
2026-03-22 22:44:27,569 django.utils.autoreload INFO     /home/sasha/PycharmProjects/tiff_django/files/views/create_banner.py changed, reloading.
2026-03-22 22:44:28,814 django.utils.autoreload INFO     Watching for file changes with StatReloader
2026-03-22 22:45:01,535 django.utils.autoreload INFO     /home/sasha/PycharmProjects/tiff_django/files/views/create_banner.py changed, reloading.
2026-03-22 22:45:02,721 django.utils.autoreload INFO     Watching for file changes with StatReloader
2026-03-22 22:46:11,905 django.utils.autoreload INFO     /home/sasha/PycharmProjects/tiff_django/files/views/create_banner.py changed, reloading.
2026-03-22 22:46:12,960 django.utils.autoreload INFO     Watching for file changes with StatReloader
2026-03-22 22:47:01,763 django.utils.autoreload INFO     /home/sasha/PycharmProjects/tiff_django/files/views/create_banner.py changed, reloading.
2026-03-22 22:47:03,378 django.utils.autoreload INFO     Watching for file changes with StatReloader
2026-03-22 22:47:55,496 django.utils.autoreload INFO     /home/sasha/PycharmProjects/tiff_django/files/views/create_banner.py changed, reloading.
2026-03-22 22:47:56,737 django.utils.autoreload INFO     Watching for file changes with StatReloader
2026-03-22 22:49:17,934 django.utils.autoreload INFO     /home/sasha/PycharmProjects/tiff_django/files/views/create_banner.py changed, reloading.
2026-03-22 22:49:19,217 django.utils.autoreload INFO     Watching for file changes with StatReloader
2026-03-22 22:50:20,300 django.utils.autoreload INFO     /home/sasha/PycharmProjects/tiff_django/files/views/create_banner.py changed, reloading.
2026-03-22 22:50:21,751 django.utils.autoreload INFO     Watching for file changes with StatReloader
2026-03-22 22:51:01,932 django.utils.autoreload INFO     /home/sasha/PycharmProjects/tiff_django/files/views/create_banner.py changed, reloading.
2026-03-22 22:51:03,348 django.utils.autoreload INFO     Watching for file changes with StatReloader
2026-03-22 22:54:35,697 django.utils.autoreload INFO     /home/sasha/PycharmProjects/tiff_django/files/views/create_banner.py changed, reloading.
2026-03-22 22:54:36,790 django.utils.autoreload INFO     Watching for file changes with StatReloader
2026-03-22 22:56:28,245 django.utils.autoreload INFO     /home/sasha/PycharmProjects/tiff_django/files/views/create_banner.py changed, reloading.
2026-03-22 22:56:29,446 django.utils.autoreload INFO     Watching for file changes with StatReloader
2026-03-22 23:02:20,859 django.utils.autoreload INFO     /home/sasha/PycharmProjects/tiff_django/files/views/create_banner.py changed, reloading.
2026-03-22 23:02:22,780 django.utils.autoreload INFO     Watching for file changes with StatReloader
2026-03-22 23:03:41,328 django.utils.autoreload INFO     /home/sasha/PycharmProjects/tiff_django/files/views/create_banner.py changed, reloading.
2026-03-22 23:03:42,479 django.utils.autoreload INFO     Watching for file changes with StatReloader
2026-03-22 23:05:37,429 django.utils.autoreload INFO     /home/sasha/PycharmProjects/tiff_django/files/views/create_banner.py changed, reloading.
2026-03-22 23:05:38,586 django.utils.autoreload INFO     Watching for file changes with StatReloader
2026-03-22 23:05:58,164 django.utils.autoreload INFO     /home/sasha/PycharmProjects/tiff_django/files/views/create_banner.py changed, reloading.
2026-03-22 23:05:59,293 django.utils.autoreload INFO     Watching for file changes with StatReloader
2026-03-22 23:06:02,389 django.request ERROR    Internal Server Error: /files/submit-banner-order/
Traceback (most recent call last):
  File "/home/sasha/PycharmProjects/tiff_django/.venv/lib/python3.11/site-packages/django/core/handlers/exception.py", line 55, in inner
    response = get_response(request)
               ^^^^^^^^^^^^^^^^^^^^^
  File "/home/sasha/PycharmProjects/tiff_django/.venv/lib/python3.11/site-packages/allauth/account/middleware.py", line 35, in middleware
    if _should_redirect_accounts(request, response):
       ^^^^^^^^^^^^^^^^^^^^^^^^^^^^^^^^^^^^^^^^^^^^
  File "/home/sasha/PycharmProjects/tiff_django/.venv/lib/python3.11/site-packages/allauth/account/middleware.py", line 64, in _should_redirect_accounts
    if response.status_code != HTTPStatus.NOT_FOUND:
       ^^^^^^^^^^^^^^^^^^^^
AttributeError: 'FinishWork' object has no attribute 'status_code'
2026-03-22 23:06:04,600 django.request ERROR    Internal Server Error: /files/submit-banner-order/
Traceback (most recent call last):
  File "/home/sasha/PycharmProjects/tiff_django/.venv/lib/python3.11/site-packages/django/core/handlers/exception.py", line 55, in inner
    response = get_response(request)
               ^^^^^^^^^^^^^^^^^^^^^
  File "/home/sasha/PycharmProjects/tiff_django/.venv/lib/python3.11/site-packages/allauth/account/middleware.py", line 35, in middleware
    if _should_redirect_accounts(request, response):
       ^^^^^^^^^^^^^^^^^^^^^^^^^^^^^^^^^^^^^^^^^^^^
  File "/home/sasha/PycharmProjects/tiff_django/.venv/lib/python3.11/site-packages/allauth/account/middleware.py", line 64, in _should_redirect_accounts
    if response.status_code != HTTPStatus.NOT_FOUND:
       ^^^^^^^^^^^^^^^^^^^^
AttributeError: 'FinishWork' object has no attribute 'status_code'
2026-03-22 23:06:32,859 django.request ERROR    Internal Server Error: /files/submit-banner-order/
Traceback (most recent call last):
  File "/home/sasha/PycharmProjects/tiff_django/.venv/lib/python3.11/site-packages/django/core/handlers/exception.py", line 55, in inner
    response = get_response(request)
               ^^^^^^^^^^^^^^^^^^^^^
  File "/home/sasha/PycharmProjects/tiff_django/.venv/lib/python3.11/site-packages/allauth/account/middleware.py", line 35, in middleware
    if _should_redirect_accounts(request, response):
       ^^^^^^^^^^^^^^^^^^^^^^^^^^^^^^^^^^^^^^^^^^^^
  File "/home/sasha/PycharmProjects/tiff_django/.venv/lib/python3.11/site-packages/allauth/account/middleware.py", line 64, in _should_redirect_accounts
    if response.status_code != HTTPStatus.NOT_FOUND:
       ^^^^^^^^^^^^^^^^^^^^
AttributeError: 'FinishWork' object has no attribute 'status_code'
2026-03-22 23:07:43,217 django.utils.autoreload INFO     /home/sasha/PycharmProjects/tiff_django/files/views/create_banner.py changed, reloading.
2026-03-22 23:07:44,665 django.utils.autoreload INFO     Watching for file changes with StatReloader
2026-03-22 23:07:52,735 django.request ERROR    Internal Server Error: /files/submit-banner-order/
Traceback (most recent call last):
  File "/home/sasha/PycharmProjects/tiff_django/.venv/lib/python3.11/site-packages/django/core/handlers/exception.py", line 55, in inner
    response = get_response(request)
               ^^^^^^^^^^^^^^^^^^^^^
  File "/home/sasha/PycharmProjects/tiff_django/.venv/lib/python3.11/site-packages/allauth/account/middleware.py", line 35, in middleware
    if _should_redirect_accounts(request, response):
       ^^^^^^^^^^^^^^^^^^^^^^^^^^^^^^^^^^^^^^^^^^^^
  File "/home/sasha/PycharmProjects/tiff_django/.venv/lib/python3.11/site-packages/allauth/account/middleware.py", line 64, in _should_redirect_accounts
    if response.status_code != HTTPStatus.NOT_FOUND:
       ^^^^^^^^^^^^^^^^^^^^
AttributeError: 'FinishWork' object has no attribute 'status_code'
2026-03-22 23:08:44,851 django.utils.autoreload INFO     /home/sasha/PycharmProjects/tiff_django/files/views/create_banner.py changed, reloading.
2026-03-22 23:08:45,989 django.utils.autoreload INFO     Watching for file changes with StatReloader
2026-03-22 23:10:26,265 django.utils.autoreload INFO     /home/sasha/PycharmProjects/tiff_django/files/views/create_banner.py changed, reloading.
2026-03-22 23:10:27,380 django.utils.autoreload INFO     Watching for file changes with StatReloader
2026-03-22 23:13:54,331 django.utils.autoreload INFO     /home/sasha/PycharmProjects/tiff_django/files/views/create_banner.py changed, reloading.
2026-03-22 23:13:55,619 django.utils.autoreload INFO     Watching for file changes with StatReloader
2026-03-22 23:17:06,949 django.utils.autoreload INFO     /home/sasha/PycharmProjects/tiff_django/files/views/create_banner.py changed, reloading.
2026-03-22 23:17:08,192 django.utils.autoreload INFO     Watching for file changes with StatReloader
2026-03-22 23:17:47,124 django.utils.autoreload INFO     /home/sasha/PycharmProjects/tiff_django/files/views/create_banner.py changed, reloading.
2026-03-22 23:17:48,294 django.utils.autoreload INFO     Watching for file changes with StatReloader
2026-03-22 23:17:56,951 django.request ERROR    Internal Server Error: /files/submit-banner-order/
2026-03-22 23:18:24,741 django.utils.autoreload INFO     /home/sasha/PycharmProjects/tiff_django/files/views/create_banner.py changed, reloading.
2026-03-22 23:18:25,975 django.utils.autoreload INFO     Watching for file changes with StatReloader
2026-03-22 23:23:28,238 files.works_with_files.image_tiff_file INFO     [SIZE File] :3.4 m X 0.4 m
2026-03-22 23:23:28,238 files.works_with_files.image_tiff_file INFO     [SIZE File PIXELS] :width: 16063 px, length: 1890 px
2026-03-22 23:23:28,238 files.works_with_files.image_tiff_file INFO     [RESOLUTION] : 120 px
2026-03-22 23:23:28,241 root         INFO     [INFO]. self.length:0.4 TYPE<class 'float'>
Width: 3.4 TYPE <class 'float'>
 Quantity: 1 TYPE <class 'int'>
Value_finishing_price: None TYPE <class 'NoneType'>
self.finishing:Резка в размер (обрезка полей по краю изображения) TYPE <class 'files.models.FinishWork'>
self.material: Баннер 510 грамм литой Интерьерная печать TYPE<class 'files.models.Material'>
SELF.USER: CUSTOMER_RETAIL: TYPE <class 'str'> 
2026-03-22 23:23:28,241 files.tiff_file INFO     CHECK ROLE -> USER IS ROLE: CUSTOMER_RETAIL, TYPE <class 'str'>
2026-03-22 23:23:28,241 files.tiff_file INFO     CHECK ROLE -> USER IS USER: CUSTOMER_RETAIL, TYPE <class 'str'>
2026-03-22 23:24:06,523 files.works_with_files.image_tiff_file INFO     [SIZE File] :3.4 m X 0.4 m
2026-03-22 23:24:06,524 files.works_with_files.image_tiff_file INFO     [SIZE File PIXELS] :width: 16063 px, length: 1890 px
2026-03-22 23:24:06,525 files.works_with_files.image_tiff_file INFO     [RESOLUTION] : 120 px
2026-03-22 23:24:06,530 root         INFO     [INFO]. self.length:0.4 TYPE<class 'float'>
Width: 3.4 TYPE <class 'float'>
 Quantity: 1 TYPE <class 'int'>
Value_finishing_price: None TYPE <class 'NoneType'>
self.finishing:Резка в размер (обрезка полей по краю изображения) TYPE <class 'files.models.FinishWork'>
self.material: Печать на ПВХ 4 мм UV-печать TYPE<class 'files.models.Material'>
SELF.USER: CUSTOMER_RETAIL: TYPE <class 'str'> 
2026-03-22 23:24:06,530 files.tiff_file INFO     CHECK ROLE -> USER IS ROLE: CUSTOMER_RETAIL, TYPE <class 'str'>
2026-03-22 23:24:06,531 files.tiff_file INFO     CHECK ROLE -> USER IS USER: CUSTOMER_RETAIL, TYPE <class 'str'>
2026-03-22 23:25:29,338 root         INFO     <WSGIRequest: GET '/orders/neworder/'>
2026-03-22 23:25:29,340 root         INFO     [ДАТА ГОТОВНОСТИ + ДВА ДНЯ К ДАТЕ ЗАКАЗА] 7
2026-03-22 23:25:36,935 root         INFO     <WSGIRequest: POST '/orders/neworder/'>
2026-03-22 23:25:36,938 root         INFO     method POST
2026-03-22 23:25:36,939 root         INFO     REQUEST <QueryDict: {'csrfmiddlewaretoken': ['pZgU1jJTzGIhkhyc5yShJ9I08puGQ4MxcuwVzIhaXyRqfUHr2CvUIe4YQTuHW1ge'], 'organisation_payer': [''], 'delivery': ['6'], 'date_complite': ['2026-03-24']}>
2026-03-22 23:25:36,940 root         INFO     USER allprepress
2026-03-22 23:25:36,940 root         INFO     [INFO] отправленная форма имеет дату 2026-03-24
2026-03-22 23:25:36,950 root         INFO     [INFO] Приводим строку в формату даты 2026-03-24 00:00:00
2026-03-22 23:25:36,952 root         INFO     [INFO] прибавляем 12 часов 2026-03-24 12:00:00
2026-03-22 23:25:36,952 root         INFO     date_complite 2026-03-24 12:00:00 - <class 'datetime.datetime'>
2026-03-22 23:25:36,952 root         INFO     DELIV ID:  6
2026-03-22 23:25:36,952 root         INFO     ORGANISATION:  
2026-03-22 23:25:40,663 orders.models INFO     cost_price_per_item 0.00
2026-03-22 23:25:40,674 orders.models INFO     1300.00
2026-03-22 23:25:40,675 orders.models INFO     Себестоимость, 0.00
2026-03-22 23:25:54,550 orders.views INFO     МЕНЯЮ СТАТУС НА Оформлен
2026-03-22 23:25:54,558 orders.views INFO     DOMAIN: 127.0.0.1:8000
2026-03-22 23:25:54,560 orders.alerts INFO     Старт обратного отсчета ДАТА ГОТОВНОСТИ, 2026-03-24 09:00:00+00:00
2026-03-22 23:25:54,794 orders.views INFO     [НЕ Выбрана организация - только  ссылку на частное лицо]
2026-03-22 23:28:18,438 django.request WARNING  Not Found: /orders/order_pay/27e6302a-8935-4d9c-9de6-c371c6433bcb
2026-03-22 23:33:42,241 django.utils.autoreload INFO     /home/sasha/PycharmProjects/tiff_django/files/works_with_files/image_tiff_file.py changed, reloading.
2026-03-22 23:33:43,739 django.utils.autoreload INFO     Watching for file changes with StatReloader
2026-03-22 23:37:26,647 django.utils.autoreload INFO     /home/sasha/PycharmProjects/tiff_django/files/works_with_files/image_tiff_file.py changed, reloading.
2026-03-22 23:37:27,610 django.utils.autoreload INFO     Watching for file changes with StatReloader
2026-03-22 23:39:20,689 django.utils.autoreload INFO     /home/sasha/PycharmProjects/tiff_django/files/works_with_files/image_tiff_file.py changed, reloading.
2026-03-22 23:39:21,939 django.utils.autoreload INFO     Watching for file changes with StatReloader
2026-03-22 23:40:21,615 django.utils.autoreload INFO     /home/sasha/PycharmProjects/tiff_django/files/works_with_files/image_tiff_file.py changed, reloading.
2026-03-22 23:40:22,707 django.utils.autoreload INFO     Watching for file changes with StatReloader
2026-03-22 23:41:26,968 django.utils.autoreload INFO     /home/sasha/PycharmProjects/tiff_django/files/works_with_files/image_tiff_file.py changed, reloading.
2026-03-22 23:41:28,312 django.utils.autoreload INFO     Watching for file changes with StatReloader
2026-03-22 23:42:24,202 django.utils.autoreload INFO     /home/sasha/PycharmProjects/tiff_django/files/works_with_files/image_tiff_file.py changed, reloading.
2026-03-22 23:42:25,510 django.utils.autoreload INFO     Watching for file changes with StatReloader
2026-03-22 23:43:24,121 django.utils.autoreload INFO     /home/sasha/PycharmProjects/tiff_django/files/works_with_files/image_tiff_file.py changed, reloading.
2026-03-22 23:43:25,866 django.utils.autoreload INFO     Watching for file changes with StatReloader
2026-03-22 23:45:01,027 django.utils.autoreload INFO     /home/sasha/PycharmProjects/tiff_django/files/works_with_files/image_tiff_file.py changed, reloading.
2026-03-22 23:45:02,999 django.utils.autoreload INFO     Watching for file changes with StatReloader
2026-03-22 23:48:33,894 django.utils.autoreload INFO     /home/sasha/PycharmProjects/tiff_django/files/works_with_files/image_tiff_file.py changed, reloading.
2026-03-22 23:48:35,797 django.utils.autoreload INFO     Watching for file changes with StatReloader
2026-03-23 00:00:22,062 django.utils.autoreload INFO     /home/sasha/PycharmProjects/tiff_django/files/works_with_files/image_tiff_file.py changed, reloading.
2026-03-23 00:00:23,388 django.utils.autoreload INFO     Watching for file changes with StatReloader
2026-03-23 00:07:56,571 django.utils.autoreload INFO     /home/sasha/PycharmProjects/tiff_django/files/models.py changed, reloading.
2026-03-23 00:07:58,124 django.utils.autoreload INFO     Watching for file changes with StatReloader
2026-03-23 00:55:49,111 django.utils.autoreload INFO     Watching for file changes with StatReloader
2026-03-23 00:58:21,024 django.utils.autoreload INFO     /home/sasha/PycharmProjects/tiff_django/files/works_with_files/convert_png_to_tif.py changed, reloading.
2026-03-23 00:58:21,699 django.utils.autoreload INFO     Watching for file changes with StatReloader
2026-03-23 00:58:35,231 django.utils.autoreload INFO     /home/sasha/PycharmProjects/tiff_django/files/works_with_files/convert_png_to_tif.py changed, reloading.
2026-03-23 00:58:36,185 django.utils.autoreload INFO     Watching for file changes with StatReloader
2026-03-23 00:58:49,191 profiles.views INFO     Orders:  <QuerySet [<Order: Заказ № 7>]>
2026-03-23 00:58:49,192 profiles.views INFO     page_NUM: 1
2026-03-23 00:58:49,194 profiles.views INFO     page_NUM: <Page 1 of 1>
2026-03-23 01:01:27,580 django.utils.autoreload INFO     /home/sasha/PycharmProjects/tiff_django/files/models.py changed, reloading.
2026-03-23 01:01:28,845 django.utils.autoreload INFO     Watching for file changes with StatReloader
2026-03-23 01:04:32,312 django.utils.autoreload INFO     /home/sasha/PycharmProjects/tiff_django/files/views/create_banner.py changed, reloading.
2026-03-23 01:04:33,311 django.utils.autoreload INFO     Watching for file changes with StatReloader
2026-03-23 01:07:10,295 django.utils.autoreload INFO     /home/sasha/PycharmProjects/tiff_django/files/works_with_files/convert_png_to_tif.py changed, reloading.
2026-03-23 01:07:11,451 django.utils.autoreload INFO     Watching for file changes with StatReloader
2026-03-23 01:08:27,691 django.utils.autoreload INFO     /home/sasha/PycharmProjects/tiff_django/files/works_with_files/convert_png_to_tif.py changed, reloading.
2026-03-23 01:08:28,747 django.utils.autoreload INFO     Watching for file changes with StatReloader
2026-03-23 08:58:36,296 django.utils.autoreload INFO     /home/sasha/PycharmProjects/tiff_django/files/works_with_files/convert_png_to_tif.py changed, reloading.
2026-03-23 08:58:37,483 django.utils.autoreload INFO     Watching for file changes with StatReloader
2026-03-23 09:00:09,968 django.utils.autoreload INFO     /home/sasha/PycharmProjects/tiff_django/files/works_with_files/image_tiff_file.py changed, reloading.
2026-03-23 09:02:26,270 files.works_with_files.image_tiff_file INFO     [SIZE File] :86.39 m X 38.38 m
2026-03-23 09:02:26,271 files.works_with_files.image_tiff_file INFO     [SIZE File PIXELS] :width: 3401 px, length: 1511 px
2026-03-23 09:02:26,272 files.works_with_files.image_tiff_file INFO     [RESOLUTION] : 1 px
2026-03-23 09:02:26,294 root         INFO     [INFO]. self.length:38.38 TYPE<class 'float'>
Width: 86.39 TYPE <class 'float'>
 Quantity: 1 TYPE <class 'int'>
Value_finishing_price: None TYPE <class 'NoneType'>
self.finishing:оставить белые поля по 5 см TYPE <class 'files.models.FinishWork'>
self.material: Баннер 440 грамм ламинированный Широкоформатная печать TYPE<class 'files.models.Material'>
SELF.USER: CUSTOMER_RETAIL: TYPE <class 'str'> 
2026-03-23 09:02:26,294 files.tiff_file INFO     CHECK ROLE -> USER IS ROLE: CUSTOMER_RETAIL, TYPE <class 'str'>
2026-03-23 09:02:26,295 files.tiff_file INFO     CHECK ROLE -> USER IS USER: CUSTOMER_RETAIL, TYPE <class 'str'>
2026-03-23 09:08:16,074 django.utils.autoreload INFO     Watching for file changes with StatReloader
2026-03-23 09:10:13,848 django.utils.autoreload INFO     /home/sasha/PycharmProjects/tiff_django/files/works_with_files/convert_png_to_tif.py changed, reloading.
2026-03-23 09:10:15,012 django.utils.autoreload INFO     Watching for file changes with StatReloader
2026-03-23 09:11:43,028 django.utils.autoreload INFO     /home/sasha/PycharmProjects/tiff_django/files/models.py changed, reloading.
2026-03-23 09:11:44,300 django.utils.autoreload INFO     Watching for file changes with StatReloader
2026-03-23 09:12:53,712 django.utils.autoreload INFO     /home/sasha/PycharmProjects/tiff_django/files/works_with_files/convert_png_to_tif.py changed, reloading.
2026-03-23 09:12:54,785 django.utils.autoreload INFO     Watching for file changes with StatReloader
2026-03-23 09:15:54,605 django.utils.autoreload INFO     /home/sasha/PycharmProjects/tiff_django/files/works_with_files/convert_png_to_tif.py changed, reloading.
2026-03-23 09:15:55,873 django.utils.autoreload INFO     Watching for file changes with StatReloader
2026-03-23 09:16:54,634 django.utils.autoreload INFO     /home/sasha/PycharmProjects/tiff_django/files/models.py changed, reloading.
2026-03-23 09:16:55,716 django.utils.autoreload INFO     Watching for file changes with StatReloader
2026-03-23 09:19:35,775 django.utils.autoreload INFO     /home/sasha/PycharmProjects/tiff_django/files/models.py changed, reloading.
2026-03-23 09:19:37,210 django.utils.autoreload INFO     Watching for file changes with StatReloader
2026-03-23 09:20:51,530 django.request ERROR    Internal Server Error: /files/edit/29
Traceback (most recent call last):
  File "/home/sasha/PycharmProjects/tiff_django/.venv/lib/python3.11/site-packages/django/core/handlers/exception.py", line 55, in inner
    response = get_response(request)
               ^^^^^^^^^^^^^^^^^^^^^
  File "/home/sasha/PycharmProjects/tiff_django/.venv/lib/python3.11/site-packages/django/core/handlers/base.py", line 197, in _get_response
    response = wrapped_callback(request, *callback_args, **callback_kwargs)
               ^^^^^^^^^^^^^^^^^^^^^^^^^^^^^^^^^^^^^^^^^^^^^^^^^^^^^^^^^^^^
  File "/home/sasha/PycharmProjects/tiff_django/.venv/lib/python3.11/site-packages/django/views/generic/base.py", line 105, in view
    return self.dispatch(request, *args, **kwargs)
           ^^^^^^^^^^^^^^^^^^^^^^^^^^^^^^^^^^^^^^^
  File "/home/sasha/PycharmProjects/tiff_django/.venv/lib/python3.11/site-packages/django/contrib/auth/mixins.py", line 73, in dispatch
    return super().dispatch(request, *args, **kwargs)
           ^^^^^^^^^^^^^^^^^^^^^^^^^^^^^^^^^^^^^^^^^^
  File "/home/sasha/PycharmProjects/tiff_django/.venv/lib/python3.11/site-packages/django/views/generic/base.py", line 144, in dispatch
    return handler(request, *args, **kwargs)
           ^^^^^^^^^^^^^^^^^^^^^^^^^^^^^^^^^
  File "/home/sasha/PycharmProjects/tiff_django/.venv/lib/python3.11/site-packages/django/views/generic/edit.py", line 206, in post
    return super().post(request, *args, **kwargs)
           ^^^^^^^^^^^^^^^^^^^^^^^^^^^^^^^^^^^^^^
  File "/home/sasha/PycharmProjects/tiff_django/.venv/lib/python3.11/site-packages/django/views/generic/edit.py", line 151, in post
    return self.form_valid(form)
           ^^^^^^^^^^^^^^^^^^^^^
  File "/home/sasha/PycharmProjects/tiff_django/.venv/lib/python3.11/site-packages/django/views/generic/edit.py", line 133, in form_valid
    self.object = form.save()
                  ^^^^^^^^^^^
  File "/home/sasha/PycharmProjects/tiff_django/.venv/lib/python3.11/site-packages/django/forms/models.py", line 554, in save
    self.instance.save()
  File "/home/sasha/PycharmProjects/tiff_django/files/models.py", line 200, in save
    self.width, self.length, self.resolution = image_parameters.dimensions()
                                               ^^^^^^^^^^^^^^^^^^^^^^^^^^^^^
  File "/home/sasha/PycharmProjects/tiff_django/files/works_with_files/image_tiff_file.py", line 57, in dimensions
    self.resolution = int(round(img.info['dpi'][0], 0))
                                ~~~~~~~~^^^^^^^
KeyError: 'dpi'
2026-03-23 09:30:21,957 django.utils.autoreload INFO     /home/sasha/PycharmProjects/tiff_django/files/models.py changed, reloading.
2026-03-23 09:30:23,100 django.utils.autoreload INFO     Watching for file changes with StatReloader
2026-03-23 09:33:52,953 django.utils.autoreload INFO     /home/sasha/PycharmProjects/tiff_django/files/works_with_files/convert_png_to_tif.py changed, reloading.
2026-03-23 09:33:54,203 django.utils.autoreload INFO     Watching for file changes with StatReloader
2026-03-23 09:37:48,298 django.utils.autoreload INFO     /home/sasha/PycharmProjects/tiff_django/files/works_with_files/convert_png_to_tif.py changed, reloading.
2026-03-23 09:37:49,424 django.utils.autoreload INFO     Watching for file changes with StatReloader
2026-03-23 09:38:34,478 django.utils.autoreload INFO     /home/sasha/PycharmProjects/tiff_django/files/works_with_files/convert_png_to_tif.py changed, reloading.
2026-03-23 09:38:35,532 django.utils.autoreload INFO     Watching for file changes with StatReloader
2026-03-23 09:40:18,495 django.utils.autoreload INFO     /home/sasha/PycharmProjects/tiff_django/files/works_with_files/convert_png_to_tif.py changed, reloading.
2026-03-23 09:40:19,604 django.utils.autoreload INFO     Watching for file changes with StatReloader
2026-03-23 09:44:05,091 django.utils.autoreload INFO     /home/sasha/PycharmProjects/tiff_django/files/works_with_files/convert_png_to_tif.py changed, reloading.
2026-03-23 09:44:06,229 django.utils.autoreload INFO     Watching for file changes with StatReloader
2026-03-23 09:44:12,244 profiles.views INFO     Orders:  <QuerySet [<Order: Заказ № 7>]>
2026-03-23 09:44:12,245 profiles.views INFO     page_NUM: 1
2026-03-23 09:44:12,250 profiles.views INFO     page_NUM: <Page 1 of 1>
2026-03-23 10:49:13,357 root         INFO     <WSGIRequest: GET '/orders/neworder/'>
2026-03-23 10:49:13,358 root         INFO     [ДАТА ГОТОВНОСТИ + ДВА ДНЯ К ДАТЕ ЗАКАЗА] 1
2026-03-23 10:49:24,801 root         INFO     <WSGIRequest: POST '/orders/neworder/'>
2026-03-23 10:49:24,802 root         INFO     method POST
2026-03-23 10:49:24,805 root         INFO     REQUEST <QueryDict: {'csrfmiddlewaretoken': ['5J5O9CbxqfWagfiuEcBiNlvThTZYK45ySelPH1JOO75jbSrJBgeVMqRRZnZZQ1zf'], 'organisation_payer': [''], 'delivery': ['6'], 'date_complite': ['2026-03-25']}>
2026-03-23 10:49:24,805 root         INFO     USER allprepress
2026-03-23 10:49:24,805 root         INFO     [INFO] отправленная форма имеет дату 2026-03-25
2026-03-23 10:49:24,809 root         INFO     [INFO] Приводим строку в формату даты 2026-03-25 00:00:00
2026-03-23 10:49:24,809 root         INFO     [INFO] прибавляем 12 часов 2026-03-25 12:00:00
2026-03-23 10:49:24,810 root         INFO     date_complite 2026-03-25 12:00:00 - <class 'datetime.datetime'>
2026-03-23 10:49:24,810 root         INFO     DELIV ID:  6
2026-03-23 10:49:24,810 root         INFO     ORGANISATION:  
2026-03-23 10:49:28,661 orders.models INFO     cost_price_per_item 0.00
2026-03-23 10:49:28,671 orders.models INFO     1300.00
2026-03-23 10:49:28,672 orders.models INFO     Себестоимость, 0.00
2026-03-23 10:49:28,715 django.request ERROR    Internal Server Error: /orders/add_item_in_order/8/34
Traceback (most recent call last):
  File "/home/sasha/PycharmProjects/tiff_django/.venv/lib/python3.11/site-packages/django/core/handlers/exception.py", line 55, in inner
    response = get_response(request)
               ^^^^^^^^^^^^^^^^^^^^^
  File "/home/sasha/PycharmProjects/tiff_django/.venv/lib/python3.11/site-packages/django/core/handlers/base.py", line 197, in _get_response
    response = wrapped_callback(request, *callback_args, **callback_kwargs)
               ^^^^^^^^^^^^^^^^^^^^^^^^^^^^^^^^^^^^^^^^^^^^^^^^^^^^^^^^^^^^
  File "/home/sasha/PycharmProjects/tiff_django/orders/views.py", line 160, in add_item_in_order
    set_status_file(item, 2)
  File "/home/sasha/PycharmProjects/tiff_django/orders/views.py", line 174, in set_status_file
    item.save()
  File "/home/sasha/PycharmProjects/tiff_django/files/models.py", line 200, in save
    self.width, self.length, self.resolution = image_parameters.dimensions()
                                               ^^^^^^^^^^^^^^^^^^^^^^^^^^^^^
  File "/home/sasha/PycharmProjects/tiff_django/files/works_with_files/image_tiff_file.py", line 57, in dimensions
    self.resolution = int(round(img.info['dpi'][0], 0))
                                ~~~~~~~~^^^^^^^
KeyError: 'dpi'
2026-03-23 10:55:47,784 root         INFO     <WSGIRequest: GET '/orders/neworder/'>
2026-03-23 10:55:47,787 root         INFO     [ДАТА ГОТОВНОСТИ + ДВА ДНЯ К ДАТЕ ЗАКАЗА] 1
2026-03-23 10:55:49,530 root         INFO     <WSGIRequest: POST '/orders/neworder/'>
2026-03-23 10:55:49,530 root         INFO     method POST
2026-03-23 10:55:49,532 root         INFO     REQUEST <QueryDict: {'csrfmiddlewaretoken': ['pVpxAmXlmg9y8ahKfkhqnyrXLmiJrMI4cqFy8LvCK8iH3NqZcoU3mDNVtQiKxJcL'], 'organisation_payer': [''], 'delivery': ['6'], 'date_complite': ['2026-03-25']}>
2026-03-23 10:55:49,532 root         INFO     USER allprepress
2026-03-23 10:55:49,532 root         INFO     [INFO] отправленная форма имеет дату 2026-03-25
2026-03-23 10:55:49,532 root         INFO     [INFO] Приводим строку в формату даты 2026-03-25 00:00:00
2026-03-23 10:55:49,532 root         INFO     [INFO] прибавляем 12 часов 2026-03-25 12:00:00
2026-03-23 10:55:49,532 root         INFO     date_complite 2026-03-25 12:00:00 - <class 'datetime.datetime'>
2026-03-23 10:55:49,533 root         INFO     DELIV ID:  6
2026-03-23 10:55:49,533 root         INFO     ORGANISATION:  
2026-03-23 10:55:51,795 orders.models INFO     cost_price_per_item 0.00
2026-03-23 10:55:51,814 orders.models INFO     1300.00
2026-03-23 10:55:51,815 orders.models INFO     Себестоимость, 0.00
2026-03-23 10:55:51,883 django.request ERROR    Internal Server Error: /orders/add_item_in_order/9/35
Traceback (most recent call last):
  File "/home/sasha/PycharmProjects/tiff_django/.venv/lib/python3.11/site-packages/django/core/handlers/exception.py", line 55, in inner
    response = get_response(request)
               ^^^^^^^^^^^^^^^^^^^^^
  File "/home/sasha/PycharmProjects/tiff_django/.venv/lib/python3.11/site-packages/django/core/handlers/base.py", line 197, in _get_response
    response = wrapped_callback(request, *callback_args, **callback_kwargs)
               ^^^^^^^^^^^^^^^^^^^^^^^^^^^^^^^^^^^^^^^^^^^^^^^^^^^^^^^^^^^^
  File "/home/sasha/PycharmProjects/tiff_django/orders/views.py", line 160, in add_item_in_order
    set_status_file(item, 2)
  File "/home/sasha/PycharmProjects/tiff_django/orders/views.py", line 174, in set_status_file
    item.save()
  File "/home/sasha/PycharmProjects/tiff_django/files/models.py", line 200, in save
    self.width, self.length, self.resolution = image_parameters.dimensions()
                                               ^^^^^^^^^^^^^^^^^^^^^^^^^^^^^
  File "/home/sasha/PycharmProjects/tiff_django/files/works_with_files/image_tiff_file.py", line 57, in dimensions
    self.resolution = int(round(img.info['dpi'][0], 0))
                                ~~~~~~~~^^^^^^^
KeyError: 'dpi'
2026-03-23 10:57:49,151 django.utils.autoreload INFO     /home/sasha/PycharmProjects/tiff_django/files/works_with_files/convert_png_to_tif.py changed, reloading.
2026-03-23 10:57:50,276 django.utils.autoreload INFO     Watching for file changes with StatReloader
2026-03-23 11:00:27,490 django.utils.autoreload INFO     /home/sasha/PycharmProjects/tiff_django/files/works_with_files/convert_png_to_tif.py changed, reloading.
2026-03-23 11:00:28,561 django.utils.autoreload INFO     Watching for file changes with StatReloader
2026-03-23 11:02:02,373 profiles.views INFO     Orders:  <QuerySet [<Order: Заказ № 9>, <Order: Заказ № 8>, <Order: Заказ № 7>]>
2026-03-23 11:02:02,373 profiles.views INFO     page_NUM: 1
2026-03-23 11:02:02,375 profiles.views INFO     page_NUM: <Page 1 of 2>
2026-03-23 11:02:49,478 django.utils.autoreload INFO     /home/sasha/PycharmProjects/tiff_django/files/works_with_files/convert_png_to_tif.py changed, reloading.
2026-03-23 11:02:50,519 django.utils.autoreload INFO     Watching for file changes with StatReloader
2026-03-23 11:03:34,957 django.utils.autoreload INFO     /home/sasha/PycharmProjects/tiff_django/files/works_with_files/convert_png_to_tif.py changed, reloading.
2026-03-23 11:03:36,066 django.utils.autoreload INFO     Watching for file changes with StatReloader
2026-03-23 11:04:39,756 django.utils.autoreload INFO     /home/sasha/PycharmProjects/tiff_django/files/works_with_files/convert_png_to_tif.py changed, reloading.
2026-03-23 11:04:40,744 django.utils.autoreload INFO     Watching for file changes with StatReloader
2026-03-23 11:06:33,163 django.utils.autoreload INFO     /home/sasha/PycharmProjects/tiff_django/files/works_with_files/convert_png_to_tif.py changed, reloading.
2026-03-23 11:06:34,186 django.utils.autoreload INFO     Watching for file changes with StatReloader
2026-03-23 11:07:49,977 django.utils.autoreload INFO     /home/sasha/PycharmProjects/tiff_django/files/works_with_files/convert_png_to_tif.py changed, reloading.
2026-03-23 11:07:51,024 django.utils.autoreload INFO     Watching for file changes with StatReloader
2026-03-23 11:08:43,821 django.utils.autoreload INFO     /home/sasha/PycharmProjects/tiff_django/files/works_with_files/convert_png_to_tif.py changed, reloading.
2026-03-23 11:08:44,922 django.utils.autoreload INFO     Watching for file changes with StatReloader
2026-03-23 11:13:37,971 django.utils.autoreload INFO     /home/sasha/PycharmProjects/tiff_django/files/works_with_files/convert_png_to_tif.py changed, reloading.
2026-03-23 11:13:39,047 django.utils.autoreload INFO     Watching for file changes with StatReloader
2026-03-23 11:17:38,268 django.utils.autoreload INFO     /home/sasha/PycharmProjects/tiff_django/files/works_with_files/convert_png_to_tif.py changed, reloading.
2026-03-23 11:17:39,558 django.utils.autoreload INFO     Watching for file changes with StatReloader
2026-03-23 11:17:56,994 profiles.views INFO     Orders:  <QuerySet [<Order: Заказ № 9>, <Order: Заказ № 8>, <Order: Заказ № 7>]>
2026-03-23 11:17:56,994 profiles.views INFO     page_NUM: 1
2026-03-23 11:17:56,996 profiles.views INFO     page_NUM: <Page 1 of 2>
2026-03-23 11:18:42,459 files.works_with_files.image_tiff_file INFO     [SIZE File] :1.2 m X 0.53 m
2026-03-23 11:18:42,459 files.works_with_files.image_tiff_file INFO     [SIZE File PIXELS] :width: 3401 px, length: 1511 px
2026-03-23 11:18:42,459 files.works_with_files.image_tiff_file INFO     [RESOLUTION] : 72 px
2026-03-23 11:18:42,461 root         INFO     [INFO]. self.length:0.53 TYPE<class 'float'>
Width: 1.2 TYPE <class 'float'>
 Quantity: 1 TYPE <class 'int'>
Value_finishing_price: None TYPE <class 'NoneType'>
self.finishing:Резка в размер (обрезка полей по краю изображения) TYPE <class 'files.models.FinishWork'>
self.material: Бумага BlueBack 115 гр (1,27; 1,5 м) Интерьерная печать TYPE<class 'files.models.Material'>
SELF.USER: CUSTOMER_RETAIL: TYPE <class 'str'> 
2026-03-23 11:18:42,461 files.tiff_file INFO     CHECK ROLE -> USER IS ROLE: CUSTOMER_RETAIL, TYPE <class 'str'>
2026-03-23 11:18:42,461 files.tiff_file INFO     CHECK ROLE -> USER IS USER: CUSTOMER_RETAIL, TYPE <class 'str'>
2026-03-23 11:18:52,238 root         INFO     <WSGIRequest: GET '/orders/neworder/'>
2026-03-23 11:18:52,239 root         INFO     [ДАТА ГОТОВНОСТИ + ДВА ДНЯ К ДАТЕ ЗАКАЗА] 1
2026-03-23 11:18:54,328 root         INFO     <WSGIRequest: POST '/orders/neworder/'>
2026-03-23 11:18:54,329 root         INFO     method POST
2026-03-23 11:18:54,330 root         INFO     REQUEST <QueryDict: {'csrfmiddlewaretoken': ['VQzJHeAxgux4EXo5a9qTzetUuLGca8CRIlPKfD8OEmGdzAxk7d3wyjPScfGdg56y'], 'organisation_payer': [''], 'delivery': ['6'], 'date_complite': ['2026-03-25']}>
2026-03-23 11:18:54,330 root         INFO     USER allprepress
2026-03-23 11:18:54,331 root         INFO     [INFO] отправленная форма имеет дату 2026-03-25
2026-03-23 11:18:54,333 root         INFO     [INFO] Приводим строку в формату даты 2026-03-25 00:00:00
2026-03-23 11:18:54,333 root         INFO     [INFO] прибавляем 12 часов 2026-03-25 12:00:00
2026-03-23 11:18:54,333 root         INFO     date_complite 2026-03-25 12:00:00 - <class 'datetime.datetime'>
2026-03-23 11:18:54,333 root         INFO     DELIV ID:  6
2026-03-23 11:18:54,333 root         INFO     ORGANISATION:  
2026-03-23 11:19:07,851 orders.models INFO     cost_price_per_item 174.60
2026-03-23 11:19:07,861 orders.models INFO     296.50
2026-03-23 11:19:07,861 orders.models INFO     Себестоимость, 174.60
2026-03-23 11:19:07,874 files.works_with_files.image_tiff_file INFO     [SIZE File] :1.2 m X 0.53 m
2026-03-23 11:19:07,875 files.works_with_files.image_tiff_file INFO     [SIZE File PIXELS] :width: 3401 px, length: 1511 px
2026-03-23 11:19:07,875 files.works_with_files.image_tiff_file INFO     [RESOLUTION] : 72 px
2026-03-23 11:19:07,880 root         INFO     [INFO]. self.length:0.53 TYPE<class 'float'>
Width: 1.2 TYPE <class 'float'>
 Quantity: 1 TYPE <class 'int'>
Value_finishing_price: None TYPE <class 'NoneType'>
self.finishing:Резка в размер (обрезка полей по краю изображения) TYPE <class 'files.models.FinishWork'>
self.material: Бумага BlueBack 115 гр (1,27; 1,5 м) Интерьерная печать TYPE<class 'files.models.Material'>
SELF.USER: CUSTOMER_RETAIL: TYPE <class 'str'> 
2026-03-23 11:19:07,880 files.tiff_file INFO     CHECK ROLE -> USER IS ROLE: CUSTOMER_RETAIL, TYPE <class 'str'>
2026-03-23 11:19:07,880 files.tiff_file INFO     CHECK ROLE -> USER IS USER: CUSTOMER_RETAIL, TYPE <class 'str'>
2026-03-23 11:19:11,375 orders.views INFO     МЕНЯЮ СТАТУС НА Оформлен
2026-03-23 11:19:11,383 orders.views INFO     DOMAIN: 127.0.0.1:8000
2026-03-23 11:19:11,384 orders.alerts INFO     Старт обратного отсчета ДАТА ГОТОВНОСТИ, 2026-03-25 09:00:00+00:00
2026-03-23 11:19:11,427 orders.views INFO     [НЕ Выбрана организация - только  ссылку на частное лицо]
2026-03-23 11:22:41,299 django.utils.autoreload INFO     /home/sasha/PycharmProjects/tiff_django/files/works_with_files/convert_png_to_tif.py changed, reloading.
2026-03-23 11:22:42,502 django.utils.autoreload INFO     Watching for file changes with StatReloader
2026-03-23 11:25:47,727 django.utils.autoreload INFO     /home/sasha/PycharmProjects/tiff_django/files/works_with_files/convert_png_to_tif.py changed, reloading.
2026-03-23 11:25:48,777 django.utils.autoreload INFO     Watching for file changes with StatReloader
2026-03-23 11:27:37,018 django.utils.autoreload INFO     /home/sasha/PycharmProjects/tiff_django/files/models.py changed, reloading.
2026-03-23 11:27:38,305 django.utils.autoreload INFO     Watching for file changes with StatReloader
2026-03-23 11:28:15,528 django.utils.autoreload INFO     /home/sasha/PycharmProjects/tiff_django/files/models.py changed, reloading.
2026-03-23 11:28:16,472 django.utils.autoreload INFO     Watching for file changes with StatReloader
2026-03-23 11:30:32,793 django.utils.autoreload INFO     /home/sasha/PycharmProjects/tiff_django/files/works_with_files/convert_png_to_tif.py changed, reloading.
2026-03-23 11:30:33,864 django.utils.autoreload INFO     Watching for file changes with StatReloader
2026-03-23 11:33:16,948 django.utils.autoreload INFO     /home/sasha/PycharmProjects/tiff_django/files/models.py changed, reloading.
2026-03-23 11:33:18,303 django.utils.autoreload INFO     Watching for file changes with StatReloader
2026-03-23 11:34:13,036 django.utils.autoreload INFO     /home/sasha/PycharmProjects/tiff_django/files/works_with_files/convert_png_to_tif.py changed, reloading.
2026-03-23 11:34:14,092 django.utils.autoreload INFO     Watching for file changes with StatReloader
2026-03-23 11:34:57,115 django.utils.autoreload INFO     /home/sasha/PycharmProjects/tiff_django/files/works_with_files/convert_png_to_tif.py changed, reloading.
2026-03-23 11:34:58,234 django.utils.autoreload INFO     Watching for file changes with StatReloader
2026-03-23 11:36:02,742 django.utils.autoreload INFO     /home/sasha/PycharmProjects/tiff_django/files/models.py changed, reloading.
2026-03-23 11:36:03,754 django.utils.autoreload INFO     Watching for file changes with StatReloader
2026-03-23 11:38:59,021 django.utils.autoreload INFO     /home/sasha/PycharmProjects/tiff_django/files/works_with_files/convert_png_to_tif.py changed, reloading.
2026-03-23 11:39:00,067 django.utils.autoreload INFO     Watching for file changes with StatReloader
2026-03-23 11:40:13,031 django.utils.autoreload INFO     /home/sasha/PycharmProjects/tiff_django/files/works_with_files/convert_png_to_tif.py changed, reloading.
2026-03-23 11:40:14,001 django.utils.autoreload INFO     Watching for file changes with StatReloader
2026-03-23 11:40:33,847 django.utils.autoreload INFO     /home/sasha/PycharmProjects/tiff_django/files/works_with_files/convert_png_to_tif.py changed, reloading.
2026-03-23 11:40:35,255 django.utils.autoreload INFO     Watching for file changes with StatReloader
2026-03-23 11:41:11,160 django.utils.autoreload INFO     /home/sasha/PycharmProjects/tiff_django/files/works_with_files/convert_png_to_tif.py changed, reloading.
2026-03-23 11:41:12,169 django.utils.autoreload INFO     Watching for file changes with StatReloader
2026-03-23 11:41:48,350 django.utils.autoreload INFO     /home/sasha/PycharmProjects/tiff_django/files/works_with_files/convert_png_to_tif.py changed, reloading.
2026-03-23 11:41:49,486 django.utils.autoreload INFO     Watching for file changes with StatReloader
2026-03-23 11:42:21,392 django.utils.autoreload INFO     /home/sasha/PycharmProjects/tiff_django/files/works_with_files/convert_png_to_tif.py changed, reloading.
2026-03-23 11:42:22,401 django.utils.autoreload INFO     Watching for file changes with StatReloader
2026-03-23 11:43:06,473 django.utils.autoreload INFO     /home/sasha/PycharmProjects/tiff_django/files/works_with_files/convert_png_to_tif.py changed, reloading.
2026-03-23 11:43:07,638 django.utils.autoreload INFO     Watching for file changes with StatReloader
2026-03-23 11:43:44,456 django.utils.autoreload INFO     /home/sasha/PycharmProjects/tiff_django/files/works_with_files/convert_png_to_tif.py changed, reloading.
2026-03-23 11:43:45,469 django.utils.autoreload INFO     Watching for file changes with StatReloader
